傷害種別,順位,特徴語,平均TF-IDF,出現事例数,カテゴリ事例数,カテゴリ内出現率(%)
せき柱障害,1,背中,0.06893286,45,154,29.2208
せき柱障害,2,腰,0.05520367,38,154,24.6753
せき柱障害,3,マット,0.05191382,35,154,22.7273
せき柱障害,4,体育,0.0511203,51,154,33.1169
せき柱障害,5,転,0.05078141,28,154,18.1818
せき柱障害,6,倒立,0.04884667,24,154,15.5844
せき柱障害,7,せき柱,0.04749723,27,154,17.5325
せき柱障害,8,骨折,0.04736151,42,154,27.2727
せき柱障害,9,変形,0.04605424,29,154,18.8312
せき柱障害,10,圧迫,0.03963094,25,154,16.2338
せき柱障害,11,練習,0.03896529,57,154,37.013
せき柱障害,12,障害,0.0379297,33,154,21.4286
せき柱障害,13,胸椎,0.03684904,19,154,12.3377
せき柱障害,14,崩す,0.0368003,33,154,21.4286
せき柱障害,15,バランス,0.03584388,32,154,20.7792
せき柱障害,16,運動,0.03442739,36,154,23.3766
せき柱障害,17,落下,0.03392056,29,154,18.8312
せき柱障害,18,体育館,0.03156035,30,154,19.4805
せき柱障害,19,腰椎,0.02992106,17,154,11.039
せき柱障害,20,着地,0.02893923,20,154,12.987
せき柱障害,21,強い,0.02752995,26,154,16.8831
せき柱障害,22,残る,0.02703646,31,154,20.1299
せき柱障害,23,床,0.02651226,23,154,14.9351
せき柱障害,24,強打,0.02616281,26,154,16.8831
せき柱障害,25,落ちる,0.02606099,22,154,14.2857
せき柱障害,26,背部,0.02408057,11,154,7.1429
せき柱障害,27,転落,0.02319107,18,154,11.6883
せき柱障害,28,腰部,0.02088363,10,154,6.4935
せき柱障害,29,体操,0.0206609,14,154,9.0909
せき柱障害,30,跳箱,0.01994955,10,154,6.4935
せき柱障害,31,転倒,0.01986349,24,154,15.5844
せき柱障害,32,部,0.01972816,31,154,20.1299
せき柱障害,33,首,0.01971333,13,154,8.4416
せき柱障害,34,乗る,0.01934146,13,154,8.4416
せき柱障害,35,打つ,0.01914904,21,154,13.6364
せき柱障害,36,痛み,0.01864471,15,154,9.7403
せき柱障害,37,頚椎,0.01834457,9,154,5.8442
せき柱障害,38,肩,0.01788411,11,154,7.1429
せき柱障害,39,地面,0.01751763,16,154,10.3896
せき柱障害,40,場,0.01719726,19,154,12.3377
せき柱障害,41,支える,0.01713443,10,154,6.4935
せき柱障害,42,治療,0.01701935,17,154,11.039
せき柱障害,43,倒れる,0.01698931,15,154,9.7403
せき柱障害,44,手,0.01661956,17,154,11.039
せき柱障害,45,頭,0.01650429,14,154,9.0909
せき柱障害,46,時間,0.01639695,17,154,11.039
せき柱障害,47,体,0.01622337,13,154,8.4416
せき柱障害,48,足,0.01585909,18,154,11.6883
せき柱障害,49,痛める,0.01575443,10,154,6.4935
せき柱障害,50,鎖骨,0.01563915,7,154,4.5455
せき柱障害,51,れる,0.0155954,21,154,13.6364
せき柱障害,52,しまう,0.0151033,15,154,9.7403
せき柱障害,53,補助,0.01506129,9,154,5.8442
せき柱障害,54,階,0.01437987,11,154,7.1429
せき柱障害,55,プール,0.0142999,8,154,5.1948
せき柱障害,56,つく,0.01423388,12,154,7.7922
せき柱障害,57,打ちつける,0.01376699,8,154,5.1948
せき柱障害,58,跳ぶ,0.01350057,9,154,5.8442
せき柱障害,59,負傷,0.0133996,17,154,11.039
せき柱障害,60,宙返り,0.01324113,7,154,4.5455
せき柱障害,61,きれる,0.01323493,8,154,5.1948
せき柱障害,62,状態,0.01320934,12,154,7.7922
せき柱障害,63,肩車,0.01311717,6,154,3.8961
せき柱障害,64,体勢,0.01279933,7,154,4.5455
せき柱障害,65,失敗,0.01273689,7,154,4.5455
せき柱障害,66,受診,0.01227575,12,154,7.7922
せき柱障害,67,行く,0.01175763,10,154,6.4935
せき柱障害,68,１,0.01167972,11,154,7.1429
せき柱障害,69,打ち付ける,0.01152727,8,154,5.1948
せき柱障害,70,技,0.01137477,7,154,4.5455
せき柱障害,71,２,0.01126183,11,154,7.1429
せき柱障害,72,胸,0.01112064,6,154,3.8961
せき柱障害,73,友人,0.01103083,11,154,7.1429
せき柱障害,74,動ける,0.01095546,6,154,3.8961
せき柱障害,75,後ろ,0.01088658,8,154,5.1948
せき柱障害,76,前方,0.01052609,8,154,5.1948
せき柱障害,77,後方,0.01048408,9,154,5.8442
せき柱障害,78,相手,0.01045553,10,154,6.4935
せき柱障害,79,飛び込み,0.01042739,5,154,3.2468
せき柱障害,80,組,0.01022523,6,154,3.8961
せき柱障害,81,椎,0.01002126,5,154,3.2468
せき柱障害,82,準備,0.00986942,8,154,5.1948
せき柱障害,83,後頭部,0.00977324,7,154,4.5455
せき柱障害,84,臀部,0.00973518,5,154,3.2468
せき柱障害,85,窓,0.00964793,8,154,5.1948
せき柱障害,86,教室,0.00925186,10,154,6.4935
せき柱障害,87,鉄棒,0.0091078,6,154,3.8961
せき柱障害,88,滑る,0.00907301,8,154,5.1948
せき柱障害,89,ベランダ,0.00894854,5,154,3.2468
せき柱障害,90,痛い,0.00883285,5,154,3.2468
せき柱障害,91,左肩,0.00848274,4,154,2.5974
せき柱障害,92,休憩,0.00839551,8,154,5.1948
せき柱障害,93,底,0.00839434,5,154,3.2468
せき柱障害,94,日,0.00830319,6,154,3.8961
せき柱障害,95,室,0.00825313,8,154,5.1948
せき柱障害,96,途中,0.00820702,6,154,3.8961
せき柱障害,97,サイド,0.00798108,4,154,2.5974
せき柱障害,98,訴える,0.00794577,6,154,3.8961
せき柱障害,99,2,0.00791503,8,154,5.1948
せき柱障害,100,搬送,0.00790231,8,154,5.1948
そしゃく機能障害,1,顎,0.08479355,8,20,40.0
そしゃく機能障害,2,負傷,0.0590485,10,20,50.0
そしゃく機能障害,3,喉,0.04432165,3,20,15.0
そしゃく機能障害,4,くる,0.04360812,5,20,25.0
そしゃく機能障害,5,そしゃく,0.04129962,2,20,10.0
そしゃく機能障害,6,部,0.04110061,8,20,40.0
そしゃく機能障害,7,障害,0.03789732,4,20,20.0
そしゃく機能障害,8,主,0.0351315,2,20,10.0
そしゃく機能障害,9,機能,0.03325693,3,20,15.0
そしゃく機能障害,10,6,0.03102539,2,20,10.0
そしゃく機能障害,11,食べる,0.03054551,2,20,10.0
そしゃく機能障害,12,強打,0.03039853,4,20,20.0
そしゃく機能障害,13,相手,0.03032046,4,20,20.0
そしゃく機能障害,14,体育,0.0276363,4,20,20.0
そしゃく機能障害,15,トレーニング,0.02724568,2,20,10.0
そしゃく機能障害,16,前のめり,0.02703052,2,20,10.0
そしゃく機能障害,17,試合,0.02627351,4,20,20.0
そしゃく機能障害,18,ボール,0.02596653,4,20,20.0
そしゃく機能障害,19,練習,0.02470283,4,20,20.0
そしゃく機能障害,20,飛ぶ,0.02456773,2,20,10.0
そしゃく機能障害,21,性,0.02428679,3,20,15.0
そしゃく機能障害,22,遊ぶ,0.02412008,3,20,15.0
そしゃく機能障害,23,残る,0.02391678,3,20,15.0
そしゃく機能障害,24,顔面,0.02370087,3,20,15.0
そしゃく機能障害,25,関節,0.02359175,2,20,10.0
そしゃく機能障害,26,台,0.02349383,2,20,10.0
そしゃく機能障害,27,手,0.02341191,3,20,15.0
そしゃく機能障害,28,設置,0.02253079,2,20,10.0
そしゃく機能障害,29,れる,0.02220362,4,20,20.0
そしゃく機能障害,30,車,0.02196336,3,20,15.0
そしゃく機能障害,31,症,0.02187405,2,20,10.0
そしゃく機能障害,32,バスケットボール,0.02146969,2,20,10.0
そしゃく機能障害,33,バッティングマシーン,0.02143749,1,20,5.0
そしゃく機能障害,34,転落,0.02143728,2,20,10.0
そしゃく機能障害,35,階,0.02124363,2,20,10.0
そしゃく機能障害,36,些細,0.02117212,1,20,5.0
そしゃく機能障害,37,運動,0.02094208,3,20,15.0
そしゃく機能障害,38,事,0.02077191,1,20,5.0
そしゃく機能障害,39,めまい,0.02076218,1,20,5.0
そしゃく機能障害,40,場,0.02035687,3,20,15.0
そしゃく機能障害,41,打つ,0.02035209,3,20,15.0
そしゃく機能障害,42,座る,0.02032589,2,20,10.0
そしゃく機能障害,43,マネージャー,0.02020568,1,20,5.0
そしゃく機能障害,44,バーベル,0.02015793,1,20,5.0
そしゃく機能障害,45,聞く,0.02011975,1,20,5.0
そしゃく機能障害,46,顔,0.02005483,2,20,10.0
そしゃく機能障害,47,隙間,0.01998858,1,20,5.0
そしゃく機能障害,48,空振り,0.0198975,1,20,5.0
そしゃく機能障害,49,続行,0.01988489,1,20,5.0
そしゃく機能障害,50,筋力,0.01988387,1,20,5.0
そしゃく機能障害,51,掛かる,0.01963595,1,20,5.0
そしゃく機能障害,52,つく,0.01949017,2,20,10.0
そしゃく機能障害,53,おる,0.01941164,2,20,10.0
そしゃく機能障害,54,口内,0.01901459,1,20,5.0
そしゃく機能障害,55,衝突,0.01890875,2,20,10.0
そしゃく機能障害,56,時間,0.01886206,3,20,15.0
そしゃく機能障害,57,言語,0.01881978,1,20,5.0
そしゃく機能障害,58,スルー,0.01878445,1,20,5.0
そしゃく機能障害,59,一方,0.01877277,1,20,5.0
そしゃく機能障害,60,顧問,0.01874966,1,20,5.0
そしゃく機能障害,61,またがる,0.01867352,1,20,5.0
そしゃく機能障害,62,頭,0.01863879,2,20,10.0
そしゃく機能障害,63,部分,0.01861312,2,20,10.0
そしゃく機能障害,64,倒れる,0.0184903,2,20,10.0
そしゃく機能障害,65,歯,0.01846293,2,20,10.0
そしゃく機能障害,66,赤み,0.01840865,1,20,5.0
そしゃく機能障害,67,痛み,0.01818595,2,20,10.0
そしゃく機能障害,68,話,0.01797744,1,20,5.0
そしゃく機能障害,69,フック,0.01795396,1,20,5.0
そしゃく機能障害,70,待ち時間,0.01791683,1,20,5.0
そしゃく機能障害,71,誤る,0.01786797,2,20,10.0
そしゃく機能障害,72,返す,0.0176835,1,20,5.0
そしゃく機能障害,73,隙,0.01734587,1,20,5.0
そしゃく機能障害,74,痛む,0.01720607,1,20,5.0
そしゃく機能障害,75,前歯,0.01701589,2,20,10.0
そしゃく機能障害,76,２,0.01677337,2,20,10.0
そしゃく機能障害,77,飲み込み,0.01672659,1,20,5.0
そしゃく機能障害,78,治療,0.01671277,2,20,10.0
そしゃく機能障害,79,ベンチ,0.01670061,1,20,5.0
そしゃく機能障害,80,歯茎,0.01664584,1,20,5.0
そしゃく機能障害,81,せる,0.01632152,2,20,10.0
そしゃく機能障害,82,重症,0.01618276,1,20,5.0
そしゃく機能障害,83,口論,0.01618268,1,20,5.0
そしゃく機能障害,84,宙,0.01593799,1,20,5.0
そしゃく機能障害,85,入れる,0.01582983,1,20,5.0
そしゃく機能障害,86,流動,0.01576092,1,20,5.0
そしゃく機能障害,87,終わる,0.01575378,1,20,5.0
そしゃく機能障害,88,時限,0.01574378,1,20,5.0
そしゃく機能障害,89,捻挫,0.01561041,1,20,5.0
そしゃく機能障害,90,受診,0.01557741,2,20,10.0
そしゃく機能障害,91,がけ,0.01555592,1,20,5.0
そしゃく機能障害,92,物,0.01551592,1,20,5.0
そしゃく機能障害,93,シーソー,0.01546137,1,20,5.0
そしゃく機能障害,94,以外,0.01541626,1,20,5.0
そしゃく機能障害,95,本校,0.01536765,1,20,5.0
そしゃく機能障害,96,尻,0.01532352,1,20,5.0
そしゃく機能障害,97,ランドセル,0.01530462,1,20,5.0
そしゃく機能障害,98,ポジション,0.01523063,1,20,5.0
そしゃく機能障害,99,友人,0.01522964,2,20,10.0
そしゃく機能障害,100,強い,0.01522288,2,20,10.0
上肢切断・機能障害,1,肘,0.08146154,78,217,35.9447
上肢切断・機能障害,2,転倒,0.05303975,76,217,35.023
上肢切断・機能障害,3,左腕,0.04389196,35,217,16.129
上肢切断・機能障害,4,骨折,0.04270588,51,217,23.5023
上肢切断・機能障害,5,つく,0.04248445,42,217,19.3548
上肢切断・機能障害,6,関節,0.03794198,37,217,17.0507
上肢切断・機能障害,7,低下,0.03466626,31,217,14.2857
上肢切断・機能障害,8,地面,0.03411768,40,217,18.4332
上肢切断・機能障害,9,負傷,0.03311411,56,217,25.8065
上肢切断・機能障害,10,機能,0.03176772,34,217,15.6682
上肢切断・機能障害,11,体育,0.03013015,42,217,19.3548
上肢切断・機能障害,12,右手,0.02985202,33,217,15.2074
上肢切断・機能障害,13,バランス,0.02981432,37,217,17.0507
上肢切断・機能障害,14,右腕,0.02977343,23,217,10.5991
上肢切断・機能障害,15,左手,0.02945373,32,217,14.7465
上肢切断・機能障害,16,練習,0.02833497,51,217,23.5023
上肢切断・機能障害,17,崩す,0.02804735,34,217,15.6682
上肢切断・機能障害,18,強打,0.0252032,31,217,14.2857
上肢切断・機能障害,19,強い,0.02471961,30,217,13.8249
上肢切断・機能障害,20,落ちる,0.02362922,24,217,11.0599
上肢切断・機能障害,21,床,0.02357842,27,217,12.4424
上肢切断・機能障害,22,れる,0.02323075,41,217,18.894
上肢切断・機能障害,23,部,0.02247728,45,217,20.7373
上肢切断・機能障害,24,しまう,0.02218518,27,217,12.4424
上肢切断・機能障害,25,着地,0.02187516,18,217,8.2949
上肢切断・機能障害,26,足,0.02173315,27,217,12.4424
上肢切断・機能障害,27,変形,0.02160917,19,217,8.7558
上肢切断・機能障害,28,手,0.02112712,24,217,11.0599
上肢切断・機能障害,29,腕,0.02098116,19,217,8.7558
上肢切断・機能障害,30,乗る,0.02029912,19,217,8.7558
上肢切断・機能障害,31,体育館,0.01975506,24,217,11.0599
上肢切断・機能障害,32,左上,0.0191946,17,217,7.8341
上肢切断・機能障害,33,相手,0.01912902,26,217,11.9816
上肢切断・機能障害,34,試合,0.01909981,25,217,11.5207
上肢切断・機能障害,35,痛める,0.01860527,15,217,6.9124
上肢切断・機能障害,36,落下,0.01806317,20,217,9.2166
上肢切断・機能障害,37,体,0.0177509,18,217,8.2949
上肢切断・機能障害,38,場,0.01721831,26,217,11.9816
上肢切断・機能障害,39,運動,0.01661412,24,217,11.0599
上肢切断・機能障害,40,跳ぶ,0.01641601,12,217,5.53
上肢切断・機能障害,41,かかる,0.01617199,13,217,5.9908
上肢切断・機能障害,42,体重,0.01609517,11,217,5.0691
上肢切断・機能障害,43,られる,0.01573308,15,217,6.9124
上肢切断・機能障害,44,マット,0.01536962,13,217,5.9908
上肢切断・機能障害,45,残存,0.01518596,17,217,7.8341
上肢切断・機能障害,46,跳箱,0.01499728,8,217,3.6866
上肢切断・機能障害,47,域,0.01482281,12,217,5.53
上肢切断・機能障害,48,走る,0.01475344,19,217,8.7558
上肢切断・機能障害,49,制限,0.01469686,12,217,5.53
上肢切断・機能障害,50,可動,0.01451986,12,217,5.53
上肢切断・機能障害,51,時間,0.01449928,22,217,10.1382
上肢切断・機能障害,52,手首,0.01405505,11,217,5.0691
上肢切断・機能障害,53,投げる,0.01391016,15,217,6.9124
上肢切断・機能障害,54,友人,0.01376046,18,217,8.2949
上肢切断・機能障害,55,残る,0.01368747,21,217,9.6774
上肢切断・機能障害,56,手術,0.01301846,17,217,7.8341
上肢切断・機能障害,57,滑る,0.01294347,15,217,6.9124
上肢切断・機能障害,58,遊ぶ,0.01285294,16,217,7.3733
上肢切断・機能障害,59,障害,0.01275184,15,217,6.9124
上肢切断・機能障害,60,上腕,0.01221247,10,217,4.6083
上肢切断・機能障害,61,打ち付ける,0.01202006,12,217,5.53
上肢切断・機能障害,62,下校,0.01190223,12,217,5.53
上肢切断・機能障害,63,左肩,0.01173879,8,217,3.6866
上肢切断・機能障害,64,骨,0.01145487,12,217,5.53
上肢切断・機能障害,65,倒れる,0.01143722,15,217,6.9124
上肢切断・機能障害,66,疼痛,0.01141312,11,217,5.0691
上肢切断・機能障害,67,腕骨,0.01140087,9,217,4.1475
上肢切断・機能障害,68,選手,0.01078545,10,217,4.6083
上肢切断・機能障害,69,柔道,0.01076454,10,217,4.6083
上肢切断・機能障害,70,ぶつかる,0.0107584,12,217,5.53
上肢切断・機能障害,71,打つ,0.01049824,14,217,6.4516
上肢切断・機能障害,72,段,0.01045403,9,217,4.1475
上肢切断・機能障害,73,前腕,0.01021763,9,217,4.1475
上肢切断・機能障害,74,瘢痕,0.01020486,12,217,5.53
上肢切断・機能障害,75,失敗,0.00977841,6,217,2.765
上肢切断・機能障害,76,ボール,0.00940953,16,217,7.3733
上肢切断・機能障害,77,接触,0.00936444,8,217,3.6866
上肢切断・機能障害,78,人,0.00931572,13,217,5.9908
上肢切断・機能障害,79,自転車,0.00918527,11,217,5.0691
上肢切断・機能障害,80,かける,0.00914426,9,217,4.1475
上肢切断・機能障害,81,体操,0.00907111,9,217,4.1475
上肢切断・機能障害,82,園,0.00903837,8,217,3.6866
上肢切断・機能障害,83,右肩,0.00901667,7,217,3.2258
上肢切断・機能障害,84,くる,0.00899213,14,217,6.4516
上肢切断・機能障害,85,組,0.00897718,9,217,4.1475
上肢切断・機能障害,86,休憩,0.00897491,11,217,5.0691
上肢切断・機能障害,87,競技,0.00896401,8,217,3.6866
上肢切断・機能障害,88,受診,0.00891732,11,217,5.0691
上肢切断・機能障害,89,押す,0.00870815,9,217,4.1475
上肢切断・機能障害,90,出る,0.00864484,9,217,4.1475
上肢切断・機能障害,91,端,0.00847752,8,217,3.6866
上肢切断・機能障害,92,痛み,0.00844308,8,217,3.6866
上肢切断・機能障害,93,ハードル,0.00838215,4,217,1.8433
上肢切断・機能障害,94,位,0.00838008,8,217,3.6866
上肢切断・機能障害,95,登校,0.00828713,9,217,4.1475
上肢切断・機能障害,96,行く,0.00821571,10,217,4.6083
上肢切断・機能障害,97,転ぶ,0.00816677,7,217,3.2258
上肢切断・機能障害,98,鎖骨,0.00806636,5,217,2.3041
上肢切断・機能障害,99,転落,0.00800125,8,217,3.6866
上肢切断・機能障害,100,捻る,0.00800125,5,217,2.3041
下肢切断・機能障害,1,右足,0.05678684,39,158,24.6835
下肢切断・機能障害,2,大腿,0.04460898,34,158,21.519
下肢切断・機能障害,3,左足,0.04354881,30,158,18.9873
下肢切断・機能障害,4,足,0.04314784,39,158,24.6835
下肢切断・機能障害,5,膝,0.03835787,32,158,20.2532
下肢切断・機能障害,6,転倒,0.03683745,40,158,25.3165
下肢切断・機能障害,7,負傷,0.03641111,46,158,29.1139
下肢切断・機能障害,8,部,0.03127013,52,158,32.9114
下肢切断・機能障害,9,関節,0.03086756,24,158,15.1899
下肢切断・機能障害,10,短縮,0.02887989,16,158,10.1266
下肢切断・機能障害,11,足首,0.02764798,16,158,10.1266
下肢切断・機能障害,12,練習,0.02729185,37,158,23.4177
下肢切断・機能障害,13,れる,0.02717277,38,158,24.0506
下肢切断・機能障害,14,試合,0.02617959,26,158,16.4557
下肢切断・機能障害,15,時間,0.02434032,26,158,16.4557
下肢切断・機能障害,16,捻る,0.02394842,13,158,8.2278
下肢切断・機能障害,17,残る,0.02359328,28,158,17.7215
下肢切断・機能障害,18,下肢,0.02324214,17,158,10.7595
下肢切断・機能障害,19,痛める,0.02313403,14,158,8.8608
下肢切断・機能障害,20,走る,0.02312161,23,158,14.557
下肢切断・機能障害,21,障害,0.02296144,21,158,13.2911
下肢切断・機能障害,22,痛み,0.02265904,17,158,10.7595
下肢切断・機能障害,23,相手,0.02202603,21,158,13.2911
下肢切断・機能障害,24,体育,0.02193559,22,158,13.9241
下肢切断・機能障害,25,低下,0.02185623,16,158,10.1266
下肢切断・機能障害,26,骨,0.02185578,17,158,10.7595
下肢切断・機能障害,27,骨折,0.02176549,22,158,13.9241
下肢切断・機能障害,28,機能,0.02073427,18,158,11.3924
下肢切断・機能障害,29,バランス,0.02024486,18,158,11.3924
下肢切断・機能障害,30,着地,0.01930906,13,158,8.2278
下肢切断・機能障害,31,しまう,0.01887428,18,158,11.3924
下肢切断・機能障害,32,股関節,0.01846332,11,158,6.962
下肢切断・機能障害,33,崩す,0.01782048,16,158,10.1266
下肢切断・機能障害,34,状態,0.01725271,15,158,9.4937
下肢切断・機能障害,35,階段,0.01690449,11,158,6.962
下肢切断・機能障害,36,運動,0.01634439,19,158,12.0253
下肢切断・機能障害,37,乗る,0.0161363,12,158,7.5949
下肢切断・機能障害,38,場,0.01582891,19,158,12.0253
下肢切断・機能障害,39,落下,0.01563084,13,158,8.2278
下肢切断・機能障害,40,降りる,0.01509339,8,158,5.0633
下肢切断・機能障害,41,休憩,0.0148317,13,158,8.2278
下肢切断・機能障害,42,強打,0.01461282,15,158,9.4937
下肢切断・機能障害,43,強い,0.01434179,13,158,8.2278
下肢切断・機能障害,44,蹴る,0.01413802,9,158,5.6962
下肢切断・機能障害,45,感じる,0.01386768,9,158,5.6962
下肢切断・機能障害,46,ぶつかる,0.0133178,11,158,6.962
下肢切断・機能障害,47,滑る,0.01322607,11,158,6.962
下肢切断・機能障害,48,外,0.0131888,11,158,6.962
下肢切断・機能障害,49,ボール,0.01306564,14,158,8.8608
下肢切断・機能障害,50,訴える,0.01275472,9,158,5.6962
下肢切断・機能障害,51,疼痛,0.01238536,9,158,5.6962
下肢切断・機能障害,52,柔道,0.01208621,8,158,5.0633
下肢切断・機能障害,53,ひねる,0.01192634,7,158,4.4304
下肢切断・機能障害,54,手術,0.01176614,12,158,7.5949
下肢切断・機能障害,55,階,0.01164665,8,158,5.0633
下肢切断・機能障害,56,残存,0.01157589,10,158,6.3291
下肢切断・機能障害,57,せる,0.01152344,9,158,5.6962
下肢切断・機能障害,58,左下,0.01147983,7,158,4.4304
下肢切断・機能障害,59,鬼ごっこ,0.01131925,8,158,5.0633
下肢切断・機能障害,60,つけ根,0.01131532,4,158,2.5316
下肢切断・機能障害,61,肢,0.01129241,7,158,4.4304
下肢切断・機能障害,62,られる,0.011079,10,158,6.3291
下肢切断・機能障害,63,体重,0.01081357,6,158,3.7975
下肢切断・機能障害,64,遊ぶ,0.01080707,10,158,6.3291
下肢切断・機能障害,65,スライディング,0.01077973,5,158,3.1646
下肢切断・機能障害,66,サッカー,0.01070374,8,158,5.0633
下肢切断・機能障害,67,技,0.01066447,6,158,3.7975
下肢切断・機能障害,68,受診,0.01049912,11,158,6.962
下肢切断・機能障害,69,選手,0.01047886,7,158,4.4304
下肢切断・機能障害,70,登校,0.01047638,9,158,5.6962
下肢切断・機能障害,71,激痛,0.01042458,5,158,3.1646
下肢切断・機能障害,72,倒れる,0.01031974,12,158,7.5949
下肢切断・機能障害,73,受傷,0.01023572,6,158,3.7975
下肢切断・機能障害,74,脚長,0.01020892,5,158,3.1646
下肢切断・機能障害,75,域,0.01006146,6,158,3.7975
下肢切断・機能障害,76,救急,0.01004363,12,158,7.5949
下肢切断・機能障害,77,付け根,0.01003935,4,158,2.5316
下肢切断・機能障害,78,腰,0.0100075,7,158,4.4304
下肢切断・機能障害,79,制限,0.00997597,6,158,3.7975
下肢切断・機能障害,80,大会,0.00989243,7,158,4.4304
下肢切断・機能障害,81,可動,0.00985582,6,158,3.7975
下肢切断・機能障害,82,ランニング,0.00974698,6,158,3.7975
下肢切断・機能障害,83,体,0.00961564,8,158,5.0633
下肢切断・機能障害,84,かかる,0.00953792,7,158,4.4304
下肢切断・機能障害,85,下りる,0.00948882,6,158,3.7975
下肢切断・機能障害,86,搬送,0.00933492,11,158,6.962
下肢切断・機能障害,87,くる,0.00901721,11,158,6.962
下肢切断・機能障害,88,転落,0.00901677,8,158,5.0633
下肢切断・機能障害,89,脚,0.0089454,5,158,3.1646
下肢切断・機能障害,90,朝,0.00891793,6,158,3.7975
下肢切断・機能障害,91,両足,0.00883866,5,158,3.1646
下肢切断・機能障害,92,部分,0.00880416,7,158,4.4304
下肢切断・機能障害,93,ジャンプ,0.00878938,6,158,3.7975
下肢切断・機能障害,94,倒れ込む,0.00872577,5,158,3.1646
下肢切断・機能障害,95,室,0.00871264,8,158,5.0633
下肢切断・機能障害,96,地面,0.00831606,7,158,4.4304
下肢切断・機能障害,97,出場,0.00825377,5,158,3.1646
下肢切断・機能障害,98,打つ,0.00825092,8,158,5.0633
下肢切断・機能障害,99,跳ぶ,0.00825069,5,158,3.1646
下肢切断・機能障害,100,タックル,0.00823365,4,158,2.5316
外貌・露出部分の醜状障害,1,転倒,0.03319066,424,1841,23.031
外貌・露出部分の醜状障害,2,負傷,0.02995749,429,1841,23.3026
外貌・露出部分の醜状障害,3,部,0.02703081,485,1841,26.3444
外貌・露出部分の醜状障害,4,走る,0.02602941,284,1841,15.4264
外貌・露出部分の醜状障害,5,額,0.02588495,219,1841,11.8957
外貌・露出部分の醜状障害,6,頬,0.02551089,210,1841,11.4068
外貌・露出部分の醜状障害,7,残る,0.02491476,318,1841,17.2732
外貌・露出部分の醜状障害,8,瘢痕,0.02473332,242,1841,13.145
外貌・露出部分の醜状障害,9,時間,0.02441444,296,1841,16.0782
外貌・露出部分の醜状障害,10,切る,0.02429404,222,1841,12.0587
外貌・露出部分の醜状障害,11,れる,0.02365883,343,1841,18.6312
外貌・露出部分の醜状障害,12,ぶつかる,0.02158556,214,1841,11.6241
外貌・露出部分の醜状障害,13,ガラス,0.02143416,203,1841,11.0266
外貌・露出部分の醜状障害,14,ぶつける,0.02123894,207,1841,11.2439
外貌・露出部分の醜状障害,15,遊ぶ,0.02091846,212,1841,11.5155
外貌・露出部分の醜状障害,16,友人,0.02079453,229,1841,12.4389
外貌・露出部分の醜状障害,17,顔面,0.02074919,258,1841,14.0141
外貌・露出部分の醜状障害,18,教室,0.01951362,212,1841,11.5155
外貌・露出部分の醜状障害,19,顔,0.01897407,189,1841,10.2662
外貌・露出部分の醜状障害,20,痕,0.01828248,151,1841,8.2021
外貌・露出部分の醜状障害,21,状,0.01828103,156,1841,8.4737
外貌・露出部分の醜状障害,22,足,0.01820792,205,1841,11.1353
外貌・露出部分の醜状障害,23,前額,0.01814785,139,1841,7.5502
外貌・露出部分の醜状障害,24,線,0.01813758,151,1841,8.2021
外貌・露出部分の醜状障害,25,しまう,0.01728382,209,1841,11.3525
外貌・露出部分の醜状障害,26,負う,0.017197,163,1841,8.8539
外貌・露出部分の醜状障害,27,角,0.01715853,139,1841,7.5502
外貌・露出部分の醜状障害,28,廊下,0.01688194,159,1841,8.6366
外貌・露出部分の醜状障害,29,手,0.01652175,194,1841,10.5378
外貌・露出部分の醜状障害,30,保育,0.01572854,130,1841,7.0614
外貌・露出部分の醜状障害,31,割れる,0.01558291,140,1841,7.6046
外貌・露出部分の醜状障害,32,当たる,0.01530828,224,1841,12.1673
外貌・露出部分の醜状障害,33,くる,0.01494475,169,1841,9.1798
外貌・露出部分の醜状障害,34,崩す,0.01465318,155,1841,8.4193
外貌・露出部分の醜状障害,35,場,0.01462095,190,1841,10.3205
外貌・露出部分の醜状障害,36,バランス,0.01456195,156,1841,8.4737
外貌・露出部分の醜状障害,37,練習,0.01447928,232,1841,12.6018
外貌・露出部分の醜状障害,38,室,0.01434352,146,1841,7.9305
外貌・露出部分の醜状障害,39,鬼ごっこ,0.01431186,111,1841,6.0293
外貌・露出部分の醜状障害,40,滑る,0.0142443,140,1841,7.6046
外貌・露出部分の醜状障害,41,休憩,0.01417354,139,1841,7.5502
外貌・露出部分の醜状障害,42,強打,0.0140921,161,1841,8.7452
外貌・露出部分の醜状障害,43,顎,0.01352568,111,1841,6.0293
外貌・露出部分の醜状障害,44,運動,0.01331546,163,1841,8.8539
外貌・露出部分の醜状障害,45,挫創,0.0127896,98,1841,5.3232
外貌・露出部分の醜状障害,46,体育,0.01274697,154,1841,8.365
外貌・露出部分の醜状障害,47,地面,0.01253463,122,1841,6.6268
外貌・露出部分の醜状障害,48,打つ,0.0121587,137,1841,7.4416
外貌・露出部分の醜状障害,49,ほお,0.0121483,90,1841,4.8886
外貌・露出部分の醜状障害,50,相手,0.0117326,126,1841,6.8441
外貌・露出部分の醜状障害,51,つまずく,0.01171971,89,1841,4.8343
外貌・露出部分の醜状障害,52,体育館,0.01162416,122,1841,6.6268
外貌・露出部分の醜状障害,53,児,0.01158814,97,1841,5.2689
外貌・露出部分の醜状障害,54,部分,0.01114854,108,1841,5.8664
外貌・露出部分の醜状障害,55,膝,0.0109601,103,1841,5.5948
外貌・露出部分の醜状障害,56,転ぶ,0.01089527,83,1841,4.5084
外貌・露出部分の醜状障害,57,切れる,0.01067134,81,1841,4.3998
外貌・露出部分の醜状障害,58,醜状,0.01055481,78,1841,4.2368
外貌・露出部分の醜状障害,59,ドア,0.01038788,83,1841,4.5084
外貌・露出部分の醜状障害,60,出る,0.01038441,103,1841,5.5948
外貌・露出部分の醜状障害,61,強い,0.01020601,112,1841,6.0837
外貌・露出部分の醜状障害,62,行く,0.01017377,102,1841,5.5405
外貌・露出部分の醜状障害,63,ボール,0.01011976,137,1841,7.4416
外貌・露出部分の醜状障害,64,押す,0.00973648,77,1841,4.1825
外貌・露出部分の醜状障害,65,倒れる,0.00959064,114,1841,6.1923
外貌・露出部分の醜状障害,66,治療,0.00953668,102,1841,5.5405
外貌・露出部分の醜状障害,67,衝突,0.00938243,75,1841,4.0739
外貌・露出部分の醜状障害,68,本,0.00931549,100,1841,5.4318
外貌・露出部分の醜状障害,69,下校,0.00926855,83,1841,4.5084
外貌・露出部分の醜状障害,70,窓,0.00925805,84,1841,4.5627
外貌・露出部分の醜状障害,71,試合,0.00919553,99,1841,5.3775
外貌・露出部分の醜状障害,72,自転車,0.00912587,89,1841,4.8343
外貌・露出部分の醜状障害,73,落ちる,0.00912029,82,1841,4.4541
外貌・露出部分の醜状障害,74,遊び,0.00898601,70,1841,3.8023
外貌・露出部分の醜状障害,75,近く,0.00891136,82,1841,4.4541
外貌・露出部分の醜状障害,76,階段,0.00889909,72,1841,3.9109
外貌・露出部分の醜状障害,77,つく,0.00888635,84,1841,4.5627
外貌・露出部分の醜状障害,78,追いかける,0.00888265,73,1841,3.9652
外貌・露出部分の醜状障害,79,歩く,0.00887134,77,1841,4.1825
外貌・露出部分の醜状障害,80,園,0.00884121,66,1841,3.585
外貌・露出部分の醜状障害,81,人,0.00880709,99,1841,5.3775
外貌・露出部分の醜状障害,82,せる,0.0087599,81,1841,4.3998
外貌・露出部分の醜状障害,83,残存,0.0087296,79,1841,4.2911
外貌・露出部分の醜状障害,84,かかる,0.00861954,85,1841,4.6171
外貌・露出部分の醜状障害,85,持つ,0.0086162,90,1841,4.8886
外貌・露出部分の醜状障害,86,接触,0.00859242,67,1841,3.6393
外貌・露出部分の醜状障害,87,校庭,0.00843453,67,1841,3.6393
外貌・露出部分の醜状障害,88,骨折,0.00843023,86,1841,4.6714
外貌・露出部分の醜状障害,89,手術,0.00829971,87,1841,4.7257
外貌・露出部分の醜状障害,90,傷,0.00828376,57,1841,3.0961
外貌・露出部分の醜状障害,91,救急,0.00821606,94,1841,5.1059
外貌・露出部分の醜状障害,92,逃げる,0.00805979,62,1841,3.3677
外貌・露出部分の醜状障害,93,サッカー,0.00797029,69,1841,3.748
外貌・露出部分の醜状障害,94,床,0.00794879,83,1841,4.5084
外貌・露出部分の醜状障害,95,頭部,0.00793646,79,1841,4.2911
外貌・露出部分の醜状障害,96,搬送,0.00789041,91,1841,4.943
外貌・露出部分の醜状障害,97,登校,0.00780773,68,1841,3.6936
外貌・露出部分の醜状障害,98,入る,0.00777816,81,1841,4.3998
外貌・露出部分の醜状障害,99,裂傷,0.00774193,57,1841,3.0961
外貌・露出部分の醜状障害,100,前腕,0.00769624,58,1841,3.1505
手指切断・機能障害,1,右手,0.07886524,199,503,39.5626
手指切断・機能障害,2,指,0.07860423,198,503,39.3638
手指切断・機能障害,3,小指,0.05853801,109,503,21.67
手指切断・機能障害,4,左手,0.05717204,143,503,28.4294
手指切断・機能障害,5,挟む,0.04348153,108,503,21.4712
手指切断・機能障害,6,ボール,0.03900794,121,503,24.0557
手指切断・機能障害,7,切断,0.03735005,90,503,17.8926
手指切断・機能障害,8,負傷,0.03664027,147,503,29.2247
手指切断・機能障害,9,中指,0.03201469,68,503,13.5189
手指切断・機能障害,10,薬指,0.02882664,53,503,10.5368
手指切断・機能障害,11,失う,0.02865917,69,503,13.7177
手指切断・機能障害,12,部,0.02677614,121,503,24.0557
手指切断・機能障害,13,しまう,0.02652319,89,503,17.6938
手指切断・機能障害,14,れる,0.02623466,119,503,23.6581
手指切断・機能障害,15,人差し指,0.02447438,44,503,8.7475
手指切断・機能障害,16,練習,0.02387176,90,503,17.8926
手指切断・機能障害,17,手,0.02206993,74,503,14.7117
手指切断・機能障害,18,機能,0.0217135,50,503,9.9404
手指切断・機能障害,19,バスケットボール,0.02164336,43,503,8.5487
手指切断・機能障害,20,骨折,0.02159912,55,503,10.9344
手指切断・機能障害,21,取る,0.020805,46,503,9.1451
手指切断・機能障害,22,試合,0.0206317,56,503,11.1332
手指切断・機能障害,23,一部,0.02002322,43,503,8.5487
手指切断・機能障害,24,当たる,0.01981797,63,503,12.5249
手指切断・機能障害,25,間,0.01940088,50,503,9.9404
手指切断・機能障害,26,体育館,0.01795426,48,503,9.5427
手指切断・機能障害,27,体育,0.01733679,52,503,10.338
手指切断・機能障害,28,強い,0.01708472,42,503,8.3499
手指切断・機能障害,29,挟まる,0.01589019,33,503,6.5606
手指切断・機能障害,30,骨,0.01586985,37,503,7.3559
手指切断・機能障害,31,作業,0.01520317,40,503,7.9523
手指切断・機能障害,32,指先,0.01510549,29,503,5.7654
手指切断・機能障害,33,転倒,0.01399926,51,503,10.1392
手指切断・機能障害,34,閉める,0.01385448,30,503,5.9642
手指切断・機能障害,35,友人,0.01371233,42,503,8.3499
手指切断・機能障害,36,時間,0.01369806,50,503,9.9404
手指切断・機能障害,37,ドア,0.01368807,32,503,6.3618
手指切断・機能障害,38,誤る,0.01363214,33,503,6.5606
手指切断・機能障害,39,損ねる,0.01294443,17,503,3.3797
手指切断・機能障害,40,関節,0.01286833,33,503,6.5606
手指切断・機能障害,41,巻き込む,0.01236745,28,503,5.5666
手指切断・機能障害,42,相手,0.01216545,34,503,6.7594
手指切断・機能障害,43,倒れる,0.01211173,38,503,7.5547
手指切断・機能障害,44,つく,0.0119981,31,503,6.163
手指切断・機能障害,45,くる,0.0119025,40,503,7.9523
手指切断・機能障害,46,使用,0.01158676,26,503,5.169
手指切断・機能障害,47,バレーボール,0.01149018,20,503,3.9761
手指切断・機能障害,48,痛める,0.01146026,19,503,3.7773
手指切断・機能障害,49,遊ぶ,0.0113928,36,503,7.1571
手指切断・機能障害,50,部分,0.01114065,34,503,6.7594
手指切断・機能障害,51,実習,0.01106369,27,503,5.3678
手指切断・機能障害,52,バランス,0.01051083,32,503,6.3618
手指切断・機能障害,53,持つ,0.01039046,32,503,6.3618
手指切断・機能障害,54,５,0.01034129,21,503,4.175
手指切断・機能障害,55,先,0.01012571,26,503,5.169
手指切断・機能障害,56,人,0.01008673,36,503,7.1571
手指切断・機能障害,57,パス,0.00999683,15,503,2.9821
手指切断・機能障害,58,床,0.00980536,31,503,6.163
手指切断・機能障害,59,ソフトボール,0.00972369,17,503,3.3797
手指切断・機能障害,60,机,0.0095882,22,503,4.3738
手指切断・機能障害,61,扉,0.00944228,20,503,3.9761
手指切断・機能障害,62,捕る,0.00944169,16,503,3.1809
手指切断・機能障害,63,場,0.00942639,31,503,6.163
手指切断・機能障害,64,可動,0.00939421,16,503,3.1809
手指切断・機能障害,65,かける,0.00917061,26,503,5.169
手指切断・機能障害,66,域,0.00906517,15,503,2.9821
手指切断・機能障害,67,制限,0.00898814,15,503,2.9821
手指切断・機能障害,68,サッカー,0.00887061,21,503,4.175
手指切断・機能障害,69,接触,0.00886864,20,503,3.9761
手指切断・機能障害,70,先端,0.00885299,20,503,3.9761
手指切断・機能障害,71,３,0.00882322,26,503,5.169
手指切断・機能障害,72,教室,0.00881167,28,503,5.5666
手指切断・機能障害,73,運動,0.00876295,28,503,5.5666
手指切断・機能障害,74,一,0.0087285,22,503,4.3738
手指切断・機能障害,75,親指,0.00872186,13,503,2.5845
手指切断・機能障害,76,機械,0.00866379,19,503,3.7773
手指切断・機能障害,77,台,0.00857976,19,503,3.7773
手指切断・機能障害,78,4,0.00831468,18,503,3.5785
手指切断・機能障害,79,閉まる,0.00827159,15,503,2.9821
手指切断・機能障害,80,3,0.00820764,23,503,4.5726
手指切断・機能障害,81,カット,0.00814289,10,503,1.9881
手指切断・機能障害,82,室,0.00807765,26,503,5.169
手指切断・機能障害,83,崩す,0.00803342,24,503,4.7714
手指切断・機能障害,84,刃,0.0078769,16,503,3.1809
手指切断・機能障害,85,出す,0.00784263,19,503,3.7773
手指切断・機能障害,86,２,0.00778303,23,503,4.5726
手指切断・機能障害,87,入る,0.00769402,23,503,4.5726
手指切断・機能障害,88,回転,0.00768849,20,503,3.9761
手指切断・機能障害,89,はさむ,0.00741066,14,503,2.7833
手指切断・機能障害,90,低下,0.00740703,15,503,2.9821
手指切断・機能障害,91,せる,0.00739614,23,503,4.5726
手指切断・機能障害,92,機,0.00736655,16,503,3.1809
手指切断・機能障害,93,終了,0.00733907,20,503,3.9761
手指切断・機能障害,94,地面,0.0072322,19,503,3.7773
手指切断・機能障害,95,開放,0.00722381,14,503,2.7833
手指切断・機能障害,96,切る,0.00714357,19,503,3.7773
手指切断・機能障害,97,準備,0.00714325,19,503,3.7773
手指切断・機能障害,98,１,0.00712363,23,503,4.5726
手指切断・機能障害,99,置く,0.00704885,18,503,3.5785
手指切断・機能障害,100,スパイク,0.00700957,11,503,2.1869
歯牙障害,1,前歯,0.08344262,721,1583,45.5464
歯牙障害,2,歯,0.05775166,444,1583,28.048
歯牙障害,3,顔面,0.05076887,489,1583,30.8907
歯牙障害,4,口,0.04829935,359,1583,22.6785
歯牙障害,5,練習,0.03953872,462,1583,29.1851
歯牙障害,6,当たる,0.0394178,410,1583,25.9002
歯牙障害,7,ボール,0.03936545,402,1583,25.3948
歯牙障害,8,転倒,0.03859629,398,1583,25.1421
歯牙障害,9,部,0.03812192,485,1583,30.638
歯牙障害,10,負傷,0.03425151,373,1583,23.5629
歯牙障害,11,強打,0.03213848,302,1583,19.0777
歯牙障害,12,歯科,0.02942592,197,1583,12.4447
歯牙障害,13,補綴,0.02932784,195,1583,12.3184
歯牙障害,14,加える,0.02916132,197,1583,12.4447
歯牙障害,15,自転車,0.02815933,216,1583,13.645
歯牙障害,16,折,0.02803753,183,1583,11.5603
歯牙障害,17,破る,0.02753946,175,1583,11.055
歯牙障害,18,試合,0.02729611,237,1583,14.9716
歯牙障害,19,野球,0.02658348,205,1583,12.9501
歯牙障害,20,本,0.02636295,215,1583,13.5818
歯牙障害,21,折れる,0.02580767,152,1583,9.602
歯牙障害,22,相手,0.02530614,211,1583,13.3291
歯牙障害,23,顔,0.02418501,183,1583,11.5603
歯牙障害,24,床,0.02338292,189,1583,11.9394
歯牙障害,25,打つ,0.02179214,202,1583,12.7606
歯牙障害,26,ノック,0.02057336,100,1583,6.3171
歯牙障害,27,体育,0.01818608,169,1583,10.6759
歯牙障害,28,バット,0.01753075,113,1583,7.1383
歯牙障害,29,ぶつかる,0.01701724,125,1583,7.8964
歯牙障害,30,ぶつける,0.01700942,125,1583,7.8964
歯牙障害,31,しまう,0.01678851,159,1583,10.0442
歯牙障害,32,場,0.01642709,157,1583,9.9179
歯牙障害,33,くる,0.01640276,149,1583,9.4125
歯牙障害,34,強い,0.01638786,131,1583,8.2754
歯牙障害,35,足,0.01591884,142,1583,8.9703
歯牙障害,36,口元,0.01582677,85,1583,5.3696
歯牙障害,37,運動,0.01510936,140,1583,8.844
歯牙障害,38,下校,0.01502337,108,1583,6.8225
歯牙障害,39,バランス,0.01498883,124,1583,7.8332
歯牙障害,40,滑る,0.01458076,112,1583,7.0752
歯牙障害,41,打球,0.01452113,85,1583,5.3696
歯牙障害,42,崩す,0.01451826,120,1583,7.5805
歯牙障害,43,脱臼,0.01450688,89,1583,5.6222
歯牙障害,44,れる,0.01449537,180,1583,11.3708
歯牙障害,45,守備,0.0144492,79,1583,4.9905
歯牙障害,46,友人,0.01412393,121,1583,7.6437
歯牙障害,47,直撃,0.01351876,99,1583,6.2539
歯牙障害,48,登校,0.01346464,90,1583,5.6854
歯牙障害,49,手,0.01333683,123,1583,7.7701
歯牙障害,50,走る,0.0132587,115,1583,7.2647
歯牙障害,51,時間,0.01269179,124,1583,7.8332
歯牙障害,52,地面,0.01251262,101,1583,6.3803
歯牙障害,53,抜ける,0.01228627,77,1583,4.8642
歯牙障害,54,前方,0.01220379,87,1583,5.4959
歯牙障害,55,道路,0.01217,75,1583,4.7378
歯牙障害,56,選手,0.01189359,72,1583,4.5483
歯牙障害,57,体育館,0.01189293,100,1583,6.3171
歯牙障害,58,イレギュラー,0.01182477,46,1583,2.9059
歯牙障害,59,バスケットボール,0.01178844,71,1583,4.4852
歯牙障害,60,２,0.01156657,95,1583,6.0013
歯牙障害,61,接触,0.01138232,68,1583,4.2956
歯牙障害,62,捕る,0.01132266,65,1583,4.1061
歯牙障害,63,飛ぶ,0.01124771,76,1583,4.801
歯牙障害,64,顎,0.01123431,76,1583,4.801
歯牙障害,65,頭,0.01118391,74,1583,4.6747
歯牙障害,66,ソフトボール,0.01102511,68,1583,4.2956
歯牙障害,67,取る,0.01081068,78,1583,4.9274
歯牙障害,68,教室,0.01055912,95,1583,6.0013
歯牙障害,69,衝突,0.01027546,66,1583,4.1693
歯牙障害,70,３,0.01024745,78,1583,4.9274
歯牙障害,71,振る,0.01009275,63,1583,3.9798
歯牙障害,72,唇,0.0100741,56,1583,3.5376
歯牙障害,73,廊下,0.00984243,76,1583,4.801
歯牙障害,74,イレギュラーバウンド,0.00939317,35,1583,2.211
歯牙障害,75,バッター,0.00938382,52,1583,3.2849
歯牙障害,76,欠損,0.00936546,55,1583,3.4744
歯牙障害,77,打ちつける,0.00928438,58,1583,3.6639
歯牙障害,78,肘,0.00922429,50,1583,3.1586
歯牙障害,79,口唇,0.00922041,49,1583,3.0954
歯牙障害,80,人,0.00908476,86,1583,5.4327
歯牙障害,81,サッカー,0.00898146,62,1583,3.9166
歯牙障害,82,倒れる,0.00881182,87,1583,5.4959
歯牙障害,83,球,0.00843978,53,1583,3.3481
歯牙障害,84,折る,0.00841477,39,1583,2.4637
歯牙障害,85,遊ぶ,0.00836202,75,1583,4.7378
歯牙障害,86,バッティング,0.00804651,48,1583,3.0322
歯牙障害,87,行く,0.00779254,59,1583,3.7271
歯牙障害,88,チーム,0.00777383,49,1583,3.0954
歯牙障害,89,前輪,0.00766268,42,1583,2.6532
歯牙障害,90,休憩,0.00761757,60,1583,3.7903
歯牙障害,91,投げる,0.0075905,55,1583,3.4744
歯牙障害,92,つまずく,0.00706778,44,1583,2.7795
歯牙障害,93,2,0.00699538,55,1583,3.4744
歯牙障害,94,落ちる,0.00687663,55,1583,3.4744
歯牙障害,95,前のめり,0.0066549,41,1583,2.59
歯牙障害,96,膝,0.00658635,49,1583,3.0954
歯牙障害,97,頭部,0.00658306,48,1583,3.0322
歯牙障害,98,ゲーム,0.00652723,35,1583,2.211
歯牙障害,99,出血,0.00644679,49,1583,3.0954
歯牙障害,100,出る,0.00644049,49,1583,3.0954
精神・神経障害,1,障害,0.03594437,168,878,19.1344
精神・神経障害,2,練習,0.03104118,264,878,30.0683
精神・神経障害,3,頭部,0.03102899,150,878,17.0843
精神・神経障害,4,部,0.02937147,270,878,30.7517
精神・神経障害,5,れる,0.02782022,229,878,26.082
精神・神経障害,6,残る,0.02750164,184,878,20.9567
精神・神経障害,7,頭,0.02433113,122,878,13.8952
精神・神経障害,8,倒れる,0.0235651,148,878,16.8565
精神・神経障害,9,体育,0.01935895,127,878,14.4647
精神・神経障害,10,首,0.01914683,78,878,8.8838
精神・神経障害,11,等,0.01905308,54,878,6.1503
精神・神経障害,12,疼痛,0.01853767,69,878,7.8588
精神・神経障害,13,管理,0.01783805,33,878,3.7585
精神・神経障害,14,場,0.01775791,120,878,13.6674
精神・神経障害,15,意識,0.01764351,95,878,10.82
精神・神経障害,16,麻痺,0.01756159,82,878,9.3394
精神・神経障害,17,出来事,0.01751138,31,878,3.5308
精神・神経障害,18,転倒,0.01730855,116,878,13.2118
精神・神経障害,19,関わる,0.01728606,31,878,3.5308
精神・神経障害,20,救急,0.01686648,112,878,12.7563
精神・神経障害,21,運動,0.01663078,109,878,12.4146
精神・神経障害,22,脳,0.01648948,80,878,9.1116
精神・神経障害,23,試合,0.01614188,96,878,10.9339
精神・神経障害,24,強打,0.01585046,94,878,10.7062
精神・神経障害,25,搬送,0.01577287,104,878,11.8451
精神・神経障害,26,打つ,0.01552204,94,878,10.7062
精神・神経障害,27,バランス,0.01516944,83,878,9.4533
精神・神経障害,28,相手,0.01508966,95,878,10.82
精神・神経障害,29,崩す,0.01502677,81,878,9.2255
精神・神経障害,30,病院,0.01491744,88,878,10.0228
精神・神経障害,31,状態,0.01471435,85,878,9.6811
精神・神経障害,32,負傷,0.0143072,105,878,11.959
精神・神経障害,33,体育館,0.01397048,78,878,8.8838
精神・神経障害,34,ボール,0.01396829,95,878,10.82
精神・神経障害,35,感覚,0.01387123,53,878,6.0364
精神・神経障害,36,車,0.01384309,83,878,9.4533
精神・神経障害,37,後頭部,0.01346218,50,878,5.6948
精神・神経障害,38,高次,0.01343418,61,878,6.9476
精神・神経障害,39,時間,0.01340011,86,878,9.795
精神・神経障害,40,教室,0.01304693,75,878,8.5421
精神・神経障害,41,プール,0.01243338,49,878,5.5809
精神・神経障害,42,走る,0.01241253,76,878,8.656
精神・神経障害,43,機能,0.0122036,72,878,8.2005
精神・神経障害,44,友人,0.01210638,67,878,7.631
精神・神経障害,45,休憩,0.01197233,65,878,7.4032
精神・神経障害,46,落下,0.01181854,55,878,6.2642
精神・神経障害,47,腰,0.01180226,49,878,5.5809
精神・神経障害,48,強い,0.01171435,68,878,7.7449
精神・神経障害,49,治療,0.01168175,72,878,8.2005
精神・神経障害,50,２,0.01147034,68,878,7.7449
精神・神経障害,51,床,0.01146727,64,878,7.2893
精神・神経障害,52,足,0.01138043,70,878,7.9727
精神・神経障害,53,膝,0.01115772,52,878,5.9226
精神・神経障害,54,しまう,0.01114988,67,878,7.631
精神・神経障害,55,られる,0.01101981,62,878,7.0615
精神・神経障害,56,柔道,0.01079499,46,878,5.2392
精神・神経障害,57,くる,0.01057263,64,878,7.2893
精神・神経障害,58,マット,0.01054009,43,878,4.8975
精神・神経障害,59,性,0.0104731,60,878,6.8337
精神・神経障害,60,野球,0.0103946,54,878,6.1503
精神・神経障害,61,当たる,0.01029424,72,878,8.2005
精神・神経障害,62,骨折,0.01022141,54,878,6.1503
精神・神経障害,63,頭痛,0.01021366,41,878,4.6697
精神・神経障害,64,人,0.01007126,59,878,6.7198
精神・神経障害,65,損傷,0.00973516,44,878,5.0114
精神・神経障害,66,大会,0.00973256,45,878,5.1253
精神・神経障害,67,３,0.00954168,54,878,6.1503
精神・神経障害,68,転落,0.00947242,45,878,5.1253
精神・神経障害,69,かける,0.00946737,49,878,5.5809
精神・神経障害,70,四肢,0.0094092,38,878,4.328
精神・神経障害,71,ｍ,0.00934526,51,878,5.8087
精神・神経障害,72,飛び込む,0.00929205,32,878,3.6446
精神・神経障害,73,地面,0.00927341,51,878,5.8087
精神・神経障害,74,終了,0.00926621,51,878,5.8087
精神・神経障害,75,手,0.00926009,59,878,6.7198
精神・神経障害,76,身体,0.00923426,42,878,4.7836
精神・神経障害,77,底,0.00912003,32,878,3.6446
精神・神経障害,78,落ちる,0.00902007,47,878,5.3531
精神・神経障害,79,５,0.00892873,46,878,5.2392
精神・神経障害,80,痛める,0.00881734,34,878,3.8724
精神・神経障害,81,痛み,0.0086044,39,878,4.4419
精神・神経障害,82,頚部,0.00849515,31,878,3.5308
精神・神経障害,83,室,0.0084409,52,878,5.9226
精神・神経障害,84,技,0.00842273,32,878,3.6446
精神・神経障害,85,体操,0.00829282,34,878,3.8724
精神・神経障害,86,１,0.00827921,49,878,5.5809
精神・神経障害,87,訴える,0.00827214,38,878,4.328
精神・神経障害,88,接触,0.0082274,31,878,3.5308
精神・神経障害,89,選手,0.008213,33,878,3.7585
精神・神経障害,90,水泳,0.00816548,31,878,3.5308
精神・神経障害,91,階,0.00805153,38,878,4.328
精神・神経障害,92,転,0.00803741,25,878,2.8474
精神・神経障害,93,入る,0.00802699,45,878,5.1253
精神・神経障害,94,残存,0.00798209,42,878,4.7836
精神・神経障害,95,ぶつかる,0.00795241,39,878,4.4419
精神・神経障害,96,座る,0.00788304,35,878,3.9863
精神・神経障害,97,サッカー,0.00777701,37,878,4.2141
精神・神経障害,98,捻る,0.00773001,27,878,3.0752
精神・神経障害,99,つく,0.00769486,36,878,4.1002
精神・神経障害,100,押す,0.00767519,30,878,3.4169
聴力障害,1,耳,0.18121035,84,121,69.4215
聴力障害,2,頭部,0.0479503,30,121,24.7934
聴力障害,3,耳鳴り,0.04690648,17,121,14.0496
聴力障害,4,当たる,0.03912031,34,121,28.0992
聴力障害,5,ボール,0.03832951,32,121,26.4463
聴力障害,6,聴力,0.03694417,16,121,13.2231
聴力障害,7,音,0.03184648,15,121,12.3967
聴力障害,8,練習,0.03134255,33,121,27.2727
聴力障害,9,部,0.03033264,34,121,28.0992
聴力障害,10,頭,0.02379359,17,121,14.0496
聴力障害,11,れる,0.02268078,23,121,19.0083
聴力障害,12,くる,0.02239584,15,121,12.3967
聴力障害,13,右側,0.02184848,9,121,7.438
聴力障害,14,運動,0.02177403,17,121,14.0496
聴力障害,15,場,0.02134394,17,121,14.0496
聴力障害,16,聞こえる,0.02066773,8,121,6.6116
聴力障害,17,難聴,0.0188625,7,121,5.7851
聴力障害,18,ぶつかる,0.0179302,12,121,9.9174
聴力障害,19,遊ぶ,0.01766981,13,121,10.7438
聴力障害,20,左側,0.01747536,9,121,7.438
聴力障害,21,しまう,0.01739071,13,121,10.7438
聴力障害,22,障害,0.01678162,11,121,9.0909
聴力障害,23,体育,0.01608517,13,121,10.7438
聴力障害,24,打つ,0.01589923,13,121,10.7438
聴力障害,25,地面,0.01569,12,121,9.9174
聴力障害,26,減退,0.01544547,9,121,7.438
聴力障害,27,手,0.01540003,12,121,9.9174
聴力障害,28,走る,0.01538927,12,121,9.9174
聴力障害,29,野球,0.015146,10,121,8.2645
聴力障害,30,ドッジボール,0.01493695,5,121,4.1322
聴力障害,31,飛ぶ,0.01469332,7,121,5.7851
聴力障害,32,サッカー,0.01466209,9,121,7.438
聴力障害,33,強い,0.01452285,10,121,8.2645
聴力障害,34,教室,0.01436839,11,121,9.0909
聴力障害,35,高い,0.01407382,8,121,6.6116
聴力障害,36,転倒,0.01384253,14,121,11.5702
聴力障害,37,強打,0.01366202,12,121,9.9174
聴力障害,38,ぶつける,0.01291869,8,121,6.6116
聴力障害,39,指導,0.01262678,7,121,5.7851
聴力障害,40,後頭部,0.01255683,6,121,4.9587
聴力障害,41,側,0.01196836,6,121,4.9587
聴力障害,42,訴える,0.01183026,7,121,5.7851
聴力障害,43,蹴る,0.01180943,5,121,4.1322
聴力障害,44,投げる,0.01173133,6,121,4.9587
聴力障害,45,られる,0.01130575,6,121,4.9587
聴力障害,46,落ちる,0.01119286,7,121,5.7851
聴力障害,47,時間,0.01107555,10,121,8.2645
聴力障害,48,ピストル,0.01104127,4,121,3.3058
聴力障害,49,相手,0.0108872,9,121,7.438
聴力障害,50,後方,0.01080426,6,121,4.9587
聴力障害,51,休憩,0.01079743,8,121,6.6116
聴力障害,52,２,0.01065878,7,121,5.7851
聴力障害,53,間,0.01057049,7,121,5.7851
聴力障害,54,昼食,0.010418,6,121,4.9587
聴力障害,55,友人,0.00993273,7,121,5.7851
聴力障害,56,足,0.00987816,8,121,6.6116
聴力障害,57,後ろ,0.00985805,6,121,4.9587
聴力障害,58,痛い,0.00984789,5,121,4.1322
聴力障害,59,鬼ごっこ,0.00983055,5,121,4.1322
聴力障害,60,負傷,0.00978546,10,121,8.2645
聴力障害,61,人,0.00949907,6,121,4.9587
聴力障害,62,耳元,0.00948912,3,121,2.4793
聴力障害,63,痛み,0.00936367,6,121,4.9587
聴力障害,64,崩す,0.00935483,7,121,5.7851
聴力障害,65,試合,0.00931048,7,121,5.7851
聴力障害,66,向かう,0.00926012,6,121,4.9587
聴力障害,67,係,0.00924175,4,121,3.3058
聴力障害,68,バッティング,0.00914788,4,121,3.3058
聴力障害,69,おる,0.00909513,5,121,4.1322
聴力障害,70,落下,0.009066,6,121,4.9587
聴力障害,71,水泳,0.00902927,4,121,3.3058
聴力障害,72,リコーダー,0.00897419,3,121,2.4793
聴力障害,73,残る,0.00895064,6,121,4.9587
聴力障害,74,声,0.00887239,4,121,3.3058
聴力障害,75,見る,0.00886148,5,121,4.1322
聴力障害,76,バランス,0.00870402,7,121,5.7851
聴力障害,77,たたく,0.00857817,3,121,2.4793
聴力障害,78,体育館,0.00844804,6,121,4.9587
聴力障害,79,顔面,0.00836665,7,121,5.7851
聴力障害,80,校庭,0.00827196,5,121,4.1322
聴力障害,81,部員,0.00819673,4,121,3.3058
聴力障害,82,座る,0.00808569,4,121,3.3058
聴力障害,83,戻る,0.0080855,5,121,4.1322
聴力障害,84,残存,0.0080128,5,121,4.1322
聴力障害,85,運動会,0.00800183,4,121,3.3058
聴力障害,86,すべり台,0.00800089,4,121,3.3058
聴力障害,87,吹く,0.00798749,3,121,2.4793
聴力障害,88,さ,0.00796538,5,121,4.1322
聴力障害,89,投手,0.00794244,3,121,2.4793
聴力障害,90,にくい,0.00792572,3,121,2.4793
聴力障害,91,性,0.00789732,6,121,4.9587
聴力障害,92,遊び,0.00788342,4,121,3.3058
聴力障害,93,翌朝,0.00778374,3,121,2.4793
聴力障害,94,準備,0.00777729,5,121,4.1322
聴力障害,95,隣,0.00771546,4,121,3.3058
聴力障害,96,竹刀,0.00767695,2,121,1.6529
聴力障害,97,伴う,0.00767677,3,121,2.4793
聴力障害,98,テニス,0.00765783,3,121,2.4793
聴力障害,99,感じる,0.00765714,4,121,3.3058
聴力障害,100,きれる,0.00764355,4,121,3.3058
胸腹部臓器障害,1,股間,0.07099188,95,411,23.1144
胸腹部臓器障害,2,試合,0.04242815,107,411,26.0341
胸腹部臓器障害,3,腹部,0.04102009,66,411,16.0584
胸腹部臓器障害,4,病院,0.03938718,109,411,26.5207
胸腹部臓器障害,5,倒れる,0.0392846,126,411,30.6569
胸腹部臓器障害,6,AED,0.03648076,89,411,21.6545
胸腹部臓器障害,7,手術,0.03603951,100,411,24.3309
胸腹部臓器障害,8,心肺,0.03516163,81,411,19.708
胸腹部臓器障害,9,相手,0.03514232,83,411,20.1946
胸腹部臓器障害,10,睾丸,0.03439058,45,411,10.9489
胸腹部臓器障害,11,搬送,0.03429697,111,411,27.0073
胸腹部臓器障害,12,練習,0.03414563,130,411,31.6302
胸腹部臓器障害,13,意識,0.03319185,87,411,21.1679
胸腹部臓器障害,14,部,0.03289344,134,411,32.6034
胸腹部臓器障害,15,植込み,0.03241744,73,411,17.7616
胸腹部臓器障害,16,除,0.0318107,75,411,18.2482
胸腹部臓器障害,17,細,0.03160438,75,411,18.2482
胸腹部臓器障害,18,動,0.03153722,75,411,18.2482
胸腹部臓器障害,19,れる,0.02926219,117,411,28.4672
胸腹部臓器障害,20,救急,0.02882834,93,411,22.6277
胸腹部臓器障害,21,走る,0.02860462,95,411,23.1144
胸腹部臓器障害,22,膝,0.02797716,55,411,13.382
胸腹部臓器障害,23,車,0.02789783,81,411,19.708
胸腹部臓器障害,24,後日,0.02673969,63,411,15.3285
胸腹部臓器障害,25,ICD,0.02613785,56,411,13.6253
胸腹部臓器障害,26,蘇生,0.02590005,57,411,13.8686
胸腹部臓器障害,27,体育,0.02468529,83,411,20.1946
胸腹部臓器障害,28,ボール,0.02433445,72,411,17.5182
胸腹部臓器障害,29,サッカー,0.02389523,56,411,13.6253
胸腹部臓器障害,30,精巣,0.02276379,29,411,7.056
胸腹部臓器障害,31,器,0.02241733,51,411,12.4088
胸腹部臓器障害,32,蹴る,0.02175954,43,411,10.4623
胸腹部臓器障害,33,失う,0.02132928,51,411,12.4088
胸腹部臓器障害,34,当たる,0.02114822,62,411,15.0852
胸腹部臓器障害,35,場,0.01990575,67,411,16.3017
胸腹部臓器障害,36,負傷,0.01989576,61,411,14.8418
胸腹部臓器障害,37,ｍ,0.0196118,52,411,12.6521
胸腹部臓器障害,38,強打,0.01836856,47,411,11.4355
胸腹部臓器障害,39,植え込む,0.01835191,38,411,9.2457
胸腹部臓器障害,40,停止,0.01803928,38,411,9.2457
胸腹部臓器障害,41,教員,0.0167101,42,411,10.219
胸腹部臓器障害,42,運動,0.01647321,55,411,13.382
胸腹部臓器障害,43,呼吸,0.01615111,38,411,9.2457
胸腹部臓器障害,44,選手,0.0158552,29,411,7.056
胸腹部臓器障害,45,圧迫,0.01583029,37,411,9.0024
胸腹部臓器障害,46,胸骨,0.01580063,34,411,8.2725
胸腹部臓器障害,47,入院,0.01541861,36,411,8.7591
胸腹部臓器障害,48,状態,0.01536592,41,411,9.9757
胸腹部臓器障害,49,２,0.01512629,43,411,10.4623
胸腹部臓器障害,50,欠損,0.01501155,24,411,5.8394
胸腹部臓器障害,51,足,0.01479471,38,411,9.2457
胸腹部臓器障害,52,強い,0.01455837,34,411,8.2725
胸腹部臓器障害,53,ランニング,0.01437182,28,411,6.8127
胸腹部臓器障害,54,１,0.01434534,40,411,9.7324
胸腹部臓器障害,55,野球,0.01407627,33,411,8.0292
胸腹部臓器障害,56,回,0.0139609,34,411,8.2725
胸腹部臓器障害,57,破裂,0.01361489,19,411,4.6229
胸腹部臓器障害,58,３,0.01338766,34,411,8.2725
胸腹部臓器障害,59,くる,0.01310386,36,411,8.7591
胸腹部臓器障害,60,グラウンド,0.01300193,27,411,6.5693
胸腹部臓器障害,61,時間,0.01293083,38,411,9.2457
胸腹部臓器障害,62,ない,0.01292143,32,411,7.7859
胸腹部臓器障害,63,体育館,0.01284802,37,411,9.0024
胸腹部臓器障害,64,転倒,0.01277604,42,411,10.219
胸腹部臓器障害,65,チーム,0.0127601,21,411,5.1095
胸腹部臓器障害,66,治療,0.01259307,39,411,9.4891
胸腹部臓器障害,67,人,0.01248159,32,411,7.7859
胸腹部臓器障害,68,周,0.01243725,25,411,6.0827
胸腹部臓器障害,69,下腹,0.01181701,13,411,3.163
胸腹部臓器障害,70,直撃,0.011738,21,411,5.1095
胸腹部臓器障害,71,摘出,0.01171819,15,411,3.6496
胸腹部臓器障害,72,ゴール,0.01171445,25,411,6.0827
胸腹部臓器障害,73,衝突,0.01163084,21,411,5.1095
胸腹部臓器障害,74,ＡＥＤ,0.01157548,22,411,5.3528
胸腹部臓器障害,75,友人,0.01145883,31,411,7.5426
胸腹部臓器障害,76,シュート,0.01143649,19,411,4.6229
胸腹部臓器障害,77,休憩,0.01114784,31,411,7.5426
胸腹部臓器障害,78,下腹部,0.01106721,10,411,2.4331
胸腹部臓器障害,79,要請,0.01095017,25,411,6.0827
胸腹部臓器障害,80,０,0.01087116,22,411,5.3528
胸腹部臓器障害,81,キャッチャー,0.01077233,14,411,3.4063
胸腹部臓器障害,82,歩く,0.01056223,27,411,6.5693
胸腹部臓器障害,83,急,0.01052172,22,411,5.3528
胸腹部臓器障害,84,打つ,0.01043856,25,411,6.0827
胸腹部臓器障害,85,ピッチャー,0.01021861,13,411,3.163
胸腹部臓器障害,86,目,0.0101203,28,411,6.8127
胸腹部臓器障害,87,打球,0.01005419,15,411,3.6496
胸腹部臓器障害,88,2,0.01004181,28,411,6.8127
胸腹部臓器障害,89,大会,0.0100066,21,411,5.1095
胸腹部臓器障害,90,取る,0.00990272,21,411,5.1095
胸腹部臓器障害,91,教諭,0.00977871,22,411,5.3528
胸腹部臓器障害,92,られる,0.00953188,24,411,5.8394
胸腹部臓器障害,93,準備,0.00949074,25,411,6.0827
胸腹部臓器障害,94,バスケットボール,0.00947788,22,411,5.3528
胸腹部臓器障害,95,他校,0.00933813,14,411,3.4063
胸腹部臓器障害,96,外,0.00928327,23,411,5.5961
胸腹部臓器障害,97,出場,0.00926678,14,411,3.4063
胸腹部臓器障害,98,分,0.00922954,21,411,5.1095
胸腹部臓器障害,99,持久走,0.00921833,15,411,3.6496
胸腹部臓器障害,100,1,0.00919958,25,411,6.0827
視力・眼球運動障害,1,眼,0.12046479,1357,1768,76.7534
視力・眼球運動障害,2,当たる,0.07045351,825,1768,46.6629
視力・眼球運動障害,3,ボール,0.06602784,723,1768,40.8937
視力・眼球運動障害,4,練習,0.05557131,698,1768,39.4796
視力・眼球運動障害,5,部,0.04708287,647,1768,36.595
視力・眼球運動障害,6,野球,0.03837986,332,1768,18.7783
視力・眼球運動障害,7,直撃,0.03583727,293,1768,16.5724
視力・眼球運動障害,8,打球,0.03549376,226,1768,12.7828
視力・眼球運動障害,9,試合,0.03436516,301,1768,17.0249
視力・眼球運動障害,10,打つ,0.03396228,307,1768,17.3643
視力・眼球運動障害,11,相手,0.03273133,287,1768,16.233
視力・眼球運動障害,12,蹴る,0.03237386,221,1768,12.5
視力・眼球運動障害,13,負傷,0.03208271,370,1768,20.9276
視力・眼球運動障害,14,バッティング,0.02828353,181,1768,10.2376
視力・眼球運動障害,15,サッカー,0.0274563,190,1768,10.7466
視力・眼球運動障害,16,投げる,0.02469558,206,1768,11.6516
視力・眼球運動障害,17,場,0.02187346,236,1768,13.3484
視力・眼球運動障害,18,顔面,0.02185059,234,1768,13.2353
視力・眼球運動障害,19,視力,0.02104682,158,1768,8.9367
視力・眼球運動障害,20,運動,0.02028943,214,1768,12.1041
視力・眼球運動障害,21,くる,0.01868812,184,1768,10.4072
視力・眼球運動障害,22,体育,0.0175757,169,1768,9.5588
視力・眼球運動障害,23,球,0.0171506,130,1768,7.3529
視力・眼球運動障害,24,れる,0.01658683,219,1768,12.3869
視力・眼球運動障害,25,外傷,0.01653904,142,1768,8.0317
視力・眼球運動障害,26,シャトル,0.01639403,88,1768,4.9774
視力・眼球運動障害,27,残る,0.01634572,192,1768,10.8597
視力・眼球運動障害,28,性,0.01622615,147,1768,8.3145
視力・眼球運動障害,29,友人,0.01589161,154,1768,8.7104
視力・眼球運動障害,30,瞳,0.01497818,111,1768,6.2783
視力・眼球運動障害,31,散る,0.01495271,111,1768,6.2783
視力・眼球運動障害,32,減退,0.01486996,108,1768,6.1086
視力・眼球運動障害,33,バドミントン,0.01456361,84,1768,4.7511
視力・眼球運動障害,34,飛ぶ,0.01435919,111,1768,6.2783
視力・眼球運動障害,35,眼球,0.0143116,106,1768,5.9955
視力・眼球運動障害,36,跳ね返る,0.01347881,78,1768,4.4118
視力・眼球運動障害,37,時間,0.01283137,146,1768,8.2579
視力・眼球運動障害,38,遊ぶ,0.01226467,117,1768,6.6176
視力・眼球運動障害,39,視野,0.01216047,86,1768,4.8643
視力・眼球運動障害,40,距離,0.01172094,63,1768,3.5633
視力・眼球運動障害,41,付近,0.01167228,88,1768,4.9774
視力・眼球運動障害,42,強い,0.01166203,108,1768,6.1086
視力・眼球運動障害,43,ピッチャー,0.01155369,66,1768,3.733
視力・眼球運動障害,44,ネット,0.0110256,85,1768,4.8077
視力・眼球運動障害,45,視,0.01083326,74,1768,4.1855
視力・眼球運動障害,46,体育館,0.010755,103,1768,5.8258
視力・眼球運動障害,47,チーム,0.01063489,63,1768,3.5633
視力・眼球運動障害,48,教室,0.01058748,110,1768,6.2217
視力・眼球運動障害,49,左目,0.01057686,57,1768,3.224
視力・眼球運動障害,50,強打,0.01046908,108,1768,6.1086
視力・眼球運動障害,51,選手,0.01044831,71,1768,4.0158
視力・眼球運動障害,52,入る,0.01044514,88,1768,4.9774
視力・眼球運動障害,53,ぶつかる,0.01030973,86,1768,4.8643
視力・眼球運動障害,54,バッター,0.01014234,56,1768,3.1674
視力・眼球運動障害,55,複,0.01001151,66,1768,3.733
視力・眼球運動障害,56,直接,0.00988053,46,1768,2.6018
視力・眼球運動障害,57,ノック,0.00979953,64,1768,3.6199
視力・眼球運動障害,58,しまう,0.00978663,97,1768,5.4864
視力・眼球運動障害,59,至近,0.00973286,49,1768,2.7715
視力・眼球運動障害,60,調節,0.00949112,71,1768,4.0158
視力・眼球運動障害,61,人,0.00943617,98,1768,5.543
視力・眼球運動障害,62,手,0.00932442,103,1768,5.8258
視力・眼球運動障害,63,近く,0.0092859,74,1768,4.1855
視力・眼球運動障害,64,受診,0.00922821,95,1768,5.3733
視力・眼球運動障害,65,拾う,0.00920904,62,1768,3.5068
視力・眼球運動障害,66,捕る,0.00913903,63,1768,3.5633
視力・眼球運動障害,67,残存,0.00897211,66,1768,3.733
視力・眼球運動障害,68,打撲,0.00897079,66,1768,3.733
視力・眼球運動障害,69,足,0.00893546,91,1768,5.1471
視力・眼球運動障害,70,キャッチボール,0.00866317,44,1768,2.4887
視力・眼球運動障害,71,守備,0.00865474,58,1768,3.2805
視力・眼球運動障害,72,殴る,0.0085215,50,1768,2.8281
視力・眼球運動障害,73,シュート,0.00804567,47,1768,2.6584
視力・眼球運動障害,74,休憩,0.00803576,75,1768,4.2421
視力・眼球運動障害,75,持つ,0.00798005,77,1768,4.3552
視力・眼球運動障害,76,膝,0.00789071,61,1768,3.4502
視力・眼球運動障害,77,目,0.00787534,63,1768,3.5633
視力・眼球運動障害,78,グラウンド,0.00787175,49,1768,2.7715
視力・眼球運動障害,79,打撃,0.00762343,44,1768,2.4887
視力・眼球運動障害,80,送球,0.00761823,44,1768,2.4887
視力・眼球運動障害,81,ゲーム,0.00759038,44,1768,2.4887
視力・眼球運動障害,82,右目,0.00754303,43,1768,2.4321
視力・眼球運動障害,83,障害,0.00754111,63,1768,3.5633
視力・眼球運動障害,84,ふざける,0.00751934,60,1768,3.3937
視力・眼球運動障害,85,頭,0.00747279,57,1768,3.224
視力・眼球運動障害,86,取る,0.00743437,58,1768,3.2805
視力・眼球運動障害,87,部員,0.007259,45,1768,2.5452
視力・眼球運動障害,88,隣,0.00724022,50,1768,2.8281
視力・眼球運動障害,89,１,0.00717579,66,1768,3.733
視力・眼球運動障害,90,スマッシュ,0.00707227,33,1768,1.8665
視力・眼球運動障害,91,眼窩,0.00699963,47,1768,2.6584
視力・眼球運動障害,92,ソフトボール,0.00694497,44,1768,2.4887
視力・眼球運動障害,93,２,0.00693068,68,1768,3.8462
視力・眼球運動障害,94,力,0.00692586,57,1768,3.224
視力・眼球運動障害,95,ラケット,0.00689145,39,1768,2.2059
視力・眼球運動障害,96,トス,0.00687124,34,1768,1.9231
視力・眼球運動障害,97,治療,0.00669386,74,1768,4.1855
視力・眼球運動障害,98,振る,0.00665455,48,1768,2.7149
視力・眼球運動障害,99,バント,0.00664931,32,1768,1.81
視力・眼球運動障害,100,投手,0.00664805,33,1768,1.8665
足指切断・機能障害,1,右足,0.08852965,11,28,39.2857
足指切断・機能障害,2,親指,0.05779245,6,28,21.4286
足指切断・機能障害,3,左足,0.05489294,8,28,28.5714
足指切断・機能障害,4,趾,0.05386446,5,28,17.8571
足指切断・機能障害,5,練習,0.04042867,10,28,35.7143
足指切断・機能障害,6,指,0.03908793,6,28,21.4286
足指切断・機能障害,7,足,0.03774152,8,28,28.5714
足指切断・機能障害,8,体育館,0.03544521,5,28,17.8571
足指切断・機能障害,9,痛める,0.03473784,4,28,14.2857
足指切断・機能障害,10,体育,0.03366679,5,28,17.8571
足指切断・機能障害,11,支柱,0.03332261,4,28,14.2857
足指切断・機能障害,12,機能,0.0319343,5,28,17.8571
足指切断・機能障害,13,負傷,0.03167708,8,28,28.5714
足指切断・機能障害,14,落とす,0.02976209,3,28,10.7143
足指切断・機能障害,15,失う,0.029557,5,28,17.8571
足指切断・機能障害,16,体,0.02944278,3,28,10.7143
足指切断・機能障害,17,しまう,0.02890915,5,28,17.8571
足指切断・機能障害,18,下腿,0.0285929,3,28,10.7143
足指切断・機能障害,19,１,0.02795465,4,28,14.2857
足指切断・機能障害,20,部,0.02661077,9,28,32.1429
足指切断・機能障害,21,着地,0.0263496,2,28,7.1429
足指切断・機能障害,22,誤る,0.0254752,3,28,10.7143
足指切断・機能障害,23,バレーボール,0.02518729,3,28,10.7143
足指切断・機能障害,24,扉,0.02487784,3,28,10.7143
足指切断・機能障害,25,合宿,0.02399805,3,28,10.7143
足指切断・機能障害,26,更衣,0.02367292,2,28,7.1429
足指切断・機能障害,27,転倒,0.0233613,5,28,17.8571
足指切断・機能障害,28,れる,0.02282304,6,28,21.4286
足指切断・機能障害,29,骨折,0.02103307,4,28,14.2857
足指切断・機能障害,30,名,0.02089366,3,28,10.7143
足指切断・機能障害,31,滑る,0.02028203,4,28,14.2857
足指切断・機能障害,32,スロープ,0.01993035,2,28,7.1429
足指切断・機能障害,33,外,0.01974383,3,28,10.7143
足指切断・機能障害,34,ハンドボール,0.01966308,1,28,3.5714
足指切断・機能障害,35,接触,0.01935809,2,28,7.1429
足指切断・機能障害,36,４,0.01935774,3,28,10.7143
足指切断・機能障害,37,失敗,0.01913173,1,28,3.5714
足指切断・機能障害,38,体重,0.01879551,2,28,7.1429
足指切断・機能障害,39,床,0.01879085,3,28,10.7143
足指切断・機能障害,40,人,0.01872013,4,28,14.2857
足指切断・機能障害,41,倒れる,0.01868331,4,28,14.2857
足指切断・機能障害,42,バランス,0.01846083,3,28,10.7143
足指切断・機能障害,43,時間,0.01845838,4,28,14.2857
足指切断・機能障害,44,捻る,0.01834946,2,28,7.1429
足指切断・機能障害,45,バスケットボール,0.01832071,2,28,7.1429
足指切断・機能障害,46,入る,0.01830228,3,28,10.7143
足指切断・機能障害,47,反らせる,0.01817789,1,28,3.5714
足指切断・機能障害,48,付近,0.01788986,3,28,10.7143
足指切断・機能障害,49,当たる,0.01684976,5,28,17.8571
足指切断・機能障害,50,片付ける,0.01683055,2,28,7.1429
足指切断・機能障害,51,ポール,0.01632227,2,28,7.1429
足指切断・機能障害,52,準備,0.01628212,2,28,7.1429
足指切断・機能障害,53,夏季,0.01616281,2,28,7.1429
足指切断・機能障害,54,囲む,0.01608232,1,28,3.5714
足指切断・機能障害,55,出る,0.01588265,3,28,10.7143
足指切断・機能障害,56,5,0.01580743,2,28,7.1429
足指切断・機能障害,57,マット,0.01550905,2,28,7.1429
足指切断・機能障害,58,畳,0.01540499,1,28,3.5714
足指切断・機能障害,59,低下,0.01536043,2,28,7.1429
足指切断・機能障害,60,誰,0.01528271,1,28,3.5714
足指切断・機能障害,61,腰部,0.01517462,1,28,3.5714
足指切断・機能障害,62,０,0.01501347,2,28,7.1429
足指切断・機能障害,63,衝撃,0.01492153,2,28,7.1429
足指切断・機能障害,64,つける,0.01485414,2,28,7.1429
足指切断・機能障害,65,下校,0.01481005,3,28,10.7143
足指切断・機能障害,66,落ちる,0.01457855,2,28,7.1429
足指切断・機能障害,67,開ける,0.01440011,2,28,7.1429
足指切断・機能障害,68,崩す,0.01439726,2,28,7.1429
足指切断・機能障害,69,関節,0.01426895,2,28,7.1429
足指切断・機能障害,70,センター,0.01425268,1,28,3.5714
足指切断・機能障害,71,引っ掛かる,0.01416832,1,28,3.5714
足指切断・機能障害,72,側,0.01415518,2,28,7.1429
足指切断・機能障害,73,挟まる,0.01407542,2,28,7.1429
足指切断・機能障害,74,投げる,0.01403992,2,28,7.1429
足指切断・機能障害,75,待つ,0.01401192,2,28,7.1429
足指切断・機能障害,76,相手,0.01376955,2,28,7.1429
足指切断・機能障害,77,かかる,0.01343366,2,28,7.1429
足指切断・機能障害,78,kg,0.01313006,1,28,3.5714
足指切断・機能障害,79,歩き,0.01313006,1,28,3.5714
足指切断・機能障害,80,地面,0.01310148,2,28,7.1429
足指切断・機能障害,81,アメリカンフットボール,0.01305967,1,28,3.5714
足指切断・機能障害,82,～,0.01304514,2,28,7.1429
足指切断・機能障害,83,落下,0.0129546,2,28,7.1429
足指切断・機能障害,84,室,0.0129386,2,28,7.1429
足指切断・機能障害,85,治療,0.01292611,2,28,7.1429
足指切断・機能障害,86,手,0.01291305,3,28,10.7143
足指切断・機能障害,87,割る,0.01284599,1,28,3.5714
足指切断・機能障害,88,間,0.01268761,2,28,7.1429
足指切断・機能障害,89,たれる,0.01263734,1,28,3.5714
足指切断・機能障害,90,重ねる,0.01263734,1,28,3.5714
足指切断・機能障害,91,数,0.01262232,2,28,7.1429
足指切断・機能障害,92,負担,0.01254473,1,28,3.5714
足指切断・機能障害,93,一,0.01242451,2,28,7.1429
足指切断・機能障害,94,股関節,0.01241144,1,28,3.5714
足指切断・機能障害,95,片付け,0.01238861,1,28,3.5714
足指切断・機能障害,96,4,0.01234325,1,28,3.5714
足指切断・機能障害,97,フライ,0.01223735,1,28,3.5714
足指切断・機能障害,98,給食,0.01221264,1,28,3.5714
足指切断・機能障害,99,くる,0.01218358,3,28,10.7143
足指切断・機能障害,100,2,0.01216642,2,28,7.1429
