全体順位,語1,語1品詞,語2,語2品詞,共起事例数,共起事例率（％）,語1出現事例数,語2出現事例数,対象事例数
1,いる,動詞,する,動詞,4813,62.653,5314,6712,7682
2,する,動詞,中,名詞,3788,49.3101,6712,4291,7682
3,する,動詞,際,名詞,2774,36.1104,6712,3015,7682
4,いる,動詞,中,名詞,2731,35.5506,5314,4291,7682
5,いる,動詞,際,名詞,2187,28.4691,5314,3015,7682
6,する,動詞,部,名詞,2089,27.1934,6712,2321,7682
7,する,動詞,生徒,名詞,2034,26.4775,6712,2296,7682
8,中,名詞,際,名詞,1869,24.3296,4291,3015,7682
9,する,動詞,練習,名詞,1854,24.1343,6712,2068,7682
10,中,名詞,部,名詞,1753,22.8196,4291,2321,7682
11,する,動詞,ところ,名詞,1733,22.5592,6712,1929,7682
12,いる,動詞,生徒,名詞,1700,22.1297,5314,2296,7682
13,する,動詞,負傷,名詞,1632,21.2445,6712,1632,7682
14,いる,動詞,ところ,名詞,1591,20.7108,5314,1929,7682
15,いる,動詞,部,名詞,1572,20.4634,5314,2321,7682
16,中,名詞,練習,名詞,1442,18.7712,4291,2068,7682
17,いる,動詞,練習,名詞,1437,18.7061,5314,2068,7682
18,する,動詞,ボール,名詞,1434,18.667,6712,1623,7682
19,する,動詞,右,名詞,1355,17.6386,6712,1550,7682
20,する,動詞,当たる,動詞,1353,17.6126,6712,1708,7682
21,中,名詞,生徒,名詞,1336,17.3913,4291,2296,7682
22,する,動詞,左,名詞,1280,16.6623,6712,1470,7682
23,いる,動詞,当たる,動詞,1267,16.4931,5314,1708,7682
24,する,動詞,眼,名詞,1249,16.2588,6712,1473,7682
25,する,動詞,転倒,名詞,1240,16.1416,6712,1254,7682
26,する,動詞,れる,動詞,1202,15.647,6712,1340,7682
27,練習,名詞,部,名詞,1180,15.3606,2068,2321,7682
28,する,動詞,ため,名詞,1169,15.2174,6712,1266,7682
29,いる,動詞,ボール,名詞,1162,15.1263,5314,1623,7682
30,いる,動詞,負傷,名詞,1127,14.6707,5314,1632,7682
31,いる,動詞,右,名詞,1121,14.5926,5314,1550,7682
32,する,動詞,他,名詞,1072,13.9547,6712,1224,7682
33,いる,動詞,眼,名詞,1062,13.8245,5314,1473,7682
34,中,名詞,当たる,動詞,1046,13.6162,4291,1708,7682
35,いる,動詞,左,名詞,1042,13.5642,5314,1470,7682
36,ボール,名詞,中,名詞,1042,13.5642,1623,4291,7682
37,部,名詞,際,名詞,1028,13.3819,2321,3015,7682
38,する,動詞,活動,名詞,992,12.9133,6712,1104,7682
39,ところ,名詞,中,名詞,989,12.8743,1929,4291,7682
40,する,動詞,とき,名詞,986,12.8352,6712,1108,7682
41,いる,動詞,ため,名詞,981,12.7701,5314,1266,7682
42,中,名詞,右,名詞,969,12.6139,4291,1550,7682
43,活動,名詞,部,名詞,964,12.5488,1104,2321,7682
44,する,動詞,顔面,名詞,939,12.2234,6712,1039,7682
45,いる,動詞,他,名詞,938,12.2104,5314,1224,7682
46,中,名詞,負傷,名詞,937,12.1973,4291,1632,7682
47,いる,動詞,れる,動詞,931,12.1192,5314,1340,7682
48,中,名詞,左,名詞,931,12.1192,4291,1470,7682
49,中,名詞,眼,名詞,929,12.0932,4291,1473,7682
50,する,動詞,授業,名詞,909,11.8329,6712,990,7682
51,する,動詞,児童,名詞,901,11.7287,6712,1055,7682
52,いる,動詞,とき,名詞,891,11.5985,5314,1108,7682
53,する,動詞,なる,動詞,881,11.4684,6712,1043,7682
54,生徒,名詞,部,名詞,872,11.3512,2296,2321,7682
55,いる,動詞,児童,名詞,866,11.2731,5314,1055,7682
56,中,名詞,活動,名詞,866,11.2731,4291,1104,7682
57,生徒,名詞,際,名詞,851,11.0778,2296,3015,7682
58,生徒,名詞,練習,名詞,848,11.0388,2296,2068,7682
59,する,動詞,試合,名詞,841,10.9477,6712,965,7682
60,する,動詞,体育,名詞,829,10.7915,6712,891,7682
61,練習,名詞,際,名詞,829,10.7915,2068,3015,7682
62,れる,動詞,中,名詞,823,10.7134,1340,4291,7682
63,する,動詞,場,名詞,822,10.7003,6712,886,7682
64,いる,動詞,活動,名詞,819,10.6613,5314,1104,7682
65,する,動詞,強打,名詞,808,10.5181,6712,810,7682
66,中,名詞,授業,名詞,803,10.453,4291,990,7682
67,いる,動詞,授業,名詞,801,10.427,5314,990,7682
68,する,動詞,相手,名詞,777,10.1146,6712,908,7682
69,いる,動詞,転倒,名詞,774,10.0755,5314,1254,7682
70,ボール,名詞,当たる,動詞,762,9.9193,1623,1708,7682
71,ボール,名詞,練習,名詞,761,9.9063,1623,2068,7682
72,する,動詞,運動,名詞,757,9.8542,6712,809,7682
73,負傷,名詞,際,名詞,748,9.737,1632,3015,7682
74,中,名詞,試合,名詞,738,9.6069,4291,965,7682
75,する,動詞,残る,動詞,737,9.5939,6712,797,7682
76,右,名詞,眼,名詞,737,9.5939,1550,1473,7682
77,中,名詞,残る,動詞,735,9.5678,4291,797,7682
78,当たる,動詞,眼,名詞,733,9.5418,1708,1473,7682
79,ボール,名詞,部,名詞,732,9.5288,1623,2321,7682
80,いる,動詞,なる,動詞,730,9.5027,5314,1043,7682
81,当たる,動詞,生徒,名詞,730,9.5027,1708,2296,7682
82,する,動詞,時間,名詞,728,9.4767,6712,822,7682
83,する,動詞,打つ,動詞,714,9.2945,6712,835,7682
84,いる,動詞,体育,名詞,706,9.1903,5314,891,7682
85,ボール,名詞,生徒,名詞,705,9.1773,1623,2296,7682
86,する,動詞,受ける,動詞,702,9.1382,6712,749,7682
87,する,動詞,後,名詞,700,9.1122,6712,788,7682
88,いる,動詞,場,名詞,699,9.0992,5314,886,7682
89,当たる,動詞,練習,名詞,699,9.0992,1708,2068,7682
90,中,名詞,他,名詞,694,9.0341,4291,1224,7682
91,当たる,動詞,部,名詞,693,9.0211,1708,2321,7682
92,中,名詞,転倒,名詞,692,9.0081,4291,1254,7682
93,いる,動詞,顔面,名詞,680,8.8519,5314,1039,7682
94,する,動詞,前歯,名詞,678,8.8258,6712,750,7682
95,場,名詞,運動,名詞,677,8.8128,886,809,7682
96,中,名詞,体育,名詞,673,8.7607,4291,891,7682
97,する,動詞,時,名詞,667,8.6826,6712,753,7682
98,左,名詞,眼,名詞,659,8.5785,1470,1473,7682
99,右,名詞,際,名詞,657,8.5525,1550,3015,7682
100,他,名詞,生徒,名詞,649,8.4483,1224,2296,7682
101,体育,名詞,授業,名詞,649,8.4483,891,990,7682
102,いる,動詞,運動,名詞,648,8.4353,5314,809,7682
103,左,名詞,際,名詞,644,8.3832,1470,3015,7682
104,中,名詞,場,名詞,643,8.3702,4291,886,7682
105,いる,動詞,時間,名詞,641,8.3442,5314,822,7682
106,部,名詞,野球,名詞,638,8.3051,2321,702,7682
107,生徒,名詞,眼,名詞,635,8.2661,2296,1473,7682
108,する,動詞,野球,名詞,629,8.188,6712,702,7682
109,ため,名詞,中,名詞,623,8.1099,1266,4291,7682
110,くる,動詞,する,動詞,617,8.0318,697,6712,7682
111,当たる,動詞,際,名詞,617,8.0318,1708,3015,7682
112,する,動詞,走る,動詞,616,8.0187,6712,704,7682
113,ボール,名詞,際,名詞,615,8.0057,1623,3015,7682
114,する,動詞,友人,名詞,611,7.9537,6712,691,7682
115,ボール,名詞,眼,名詞,611,7.9537,1623,1473,7682
116,しまう,動詞,する,動詞,610,7.9406,717,6712,7682
117,右,名詞,部,名詞,606,7.8886,1550,2321,7682
118,いる,動詞,打つ,動詞,604,7.8625,5314,835,7682
119,眼,名詞,部,名詞,602,7.8365,1473,2321,7682
120,中,名詞,運動,名詞,599,7.7974,4291,809,7682
121,中,名詞,相手,名詞,596,7.7584,4291,908,7682
122,転倒,名詞,際,名詞,596,7.7584,1254,3015,7682
123,中,名詞,受ける,動詞,595,7.7454,4291,749,7682
124,する,動詞,足,名詞,592,7.7063,6712,667,7682
125,眼,名詞,練習,名詞,592,7.7063,1473,2068,7682
126,れる,動詞,際,名詞,591,7.6933,1340,3015,7682
127,ところ,名詞,生徒,名詞,590,7.6803,1929,2296,7682
128,中,名詞,野球,名詞,579,7.5371,4291,702,7682
129,いる,動詞,残る,動詞,578,7.5241,5314,797,7682
130,いる,動詞,時,名詞,577,7.5111,5314,753,7682
131,中,名詞,時間,名詞,577,7.5111,4291,822,7682
132,いる,動詞,友人,名詞,574,7.472,5314,691,7682
133,中,名詞,顔面,名詞,570,7.4199,4291,1039,7682
134,いる,動詞,後,名詞,558,7.2637,5314,788,7682
135,する,動詞,手,名詞,552,7.1856,6712,634,7682
136,ところ,名詞,部,名詞,549,7.1466,1929,2321,7682
137,なる,動詞,中,名詞,546,7.1075,1043,4291,7682
138,いる,動詞,走る,動詞,538,7.0034,5314,704,7682
139,いる,動詞,遊ぶ,動詞,538,7.0034,5314,545,7682
140,眼,名詞,際,名詞,537,6.9904,1473,3015,7682
141,する,動詞,倒れる,動詞,532,6.9253,6712,612,7682
142,左,名詞,部,名詞,531,6.9123,1470,2321,7682
143,する,動詞,体育館,名詞,530,6.8992,6712,562,7682
144,する,動詞,行う,動詞,530,6.8992,6712,601,7682
145,いる,動詞,受ける,動詞,529,6.8862,5314,749,7682
146,活動,名詞,際,名詞,529,6.8862,1104,3015,7682
147,生徒,名詞,負傷,名詞,525,6.8342,2296,1632,7682
148,いる,動詞,試合,名詞,524,6.8211,5314,965,7682
149,いる,動詞,しまう,動詞,522,6.7951,5314,717,7682
150,いる,動詞,強打,名詞,520,6.7691,5314,810,7682
151,右,名詞,生徒,名詞,517,6.73,1550,2296,7682
152,する,動詞,前,名詞,514,6.691,6712,588,7682
153,いる,動詞,くる,動詞,512,6.6649,5314,697,7682
154,ため,名詞,際,名詞,512,6.6649,1266,3015,7682
155,いる,動詞,野球,名詞,511,6.6519,5314,702,7682
156,いる,動詞,前歯,名詞,509,6.6259,5314,750,7682
157,いる,動詞,行う,動詞,509,6.6259,5314,601,7682
158,する,動詞,強い,形容詞,504,6.5608,6712,577,7682
159,する,動詞,バランス,名詞,503,6.5478,6712,534,7682
160,ある,動詞,する,動詞,501,6.5217,551,6712,7682
161,他,名詞,際,名詞,495,6.4436,1224,3015,7682
162,する,動詞,教室,名詞,494,6.4306,6712,580,7682
163,残る,動詞,際,名詞,493,6.4176,797,3015,7682
164,負傷,名詞,部,名詞,493,6.4176,1632,2321,7682
165,いる,動詞,手,名詞,492,6.4046,5314,634,7682
166,いる,動詞,相手,名詞,492,6.4046,5314,908,7682
167,授業,名詞,際,名詞,492,6.4046,990,3015,7682
168,する,動詞,上,名詞,487,6.3395,6712,541,7682
169,する,動詞,崩す,動詞,487,6.3395,6712,518,7682
170,する,動詞,直撃,名詞,487,6.3395,6712,488,7682
171,左,名詞,生徒,名詞,485,6.3135,1470,2296,7682
172,いる,動詞,足,名詞,483,6.2874,5314,667,7682
173,バランス,名詞,崩す,動詞,483,6.2874,534,518,7682
174,右,名詞,練習,名詞,483,6.2874,1550,2068,7682
175,右,名詞,当たる,動詞,480,6.2484,1550,1708,7682
176,ところ,名詞,練習,名詞,478,6.2223,1929,2068,7682
177,中,名詞,打つ,動詞,475,6.1833,4291,835,7682
178,練習,名詞,野球,名詞,475,6.1833,2068,702,7682
179,ところ,名詞,際,名詞,473,6.1573,1929,3015,7682
180,場,名詞,際,名詞,465,6.0531,886,3015,7682
181,他,名詞,児童,名詞,464,6.0401,1224,1055,7682
182,体育,名詞,際,名詞,459,5.975,891,3015,7682
183,とき,名詞,中,名詞,453,5.8969,1108,4291,7682
184,いる,動詞,倒れる,動詞,452,5.8839,5314,612,7682
185,する,動詞,遊ぶ,動詞,452,5.8839,6712,545,7682
186,残る,動詞,部,名詞,452,5.8839,797,2321,7682
187,する,動詞,歯,名詞,448,5.8318,6712,498,7682
188,練習,名詞,試合,名詞,448,5.8318,2068,965,7682
189,いる,動詞,前,名詞,447,5.8188,5314,588,7682
190,左,名詞,当たる,動詞,447,5.8188,1470,1708,7682
191,運動,名詞,際,名詞,447,5.8188,809,3015,7682
192,する,動詞,ぶつかる,動詞,443,5.7667,6712,534,7682
193,いる,動詞,体育館,名詞,440,5.7277,5314,562,7682
194,場,名詞,部,名詞,440,5.7277,886,2321,7682
195,中,名詞,前歯,名詞,439,5.7147,4291,750,7682
196,試合,名詞,部,名詞,439,5.7147,965,2321,7682
197,活動,名詞,練習,名詞,438,5.7016,1104,2068,7682
198,ところ,名詞,当たる,動詞,436,5.6756,1929,1708,7682
199,中,名詞,児童,名詞,436,5.6756,4291,1055,7682
200,生徒,名詞,相手,名詞,435,5.6626,2296,908,7682
201,中,名詞,強打,名詞,433,5.6366,4291,810,7682
202,する,動詞,口,名詞,432,5.6235,6712,490,7682
203,ボール,名詞,右,名詞,431,5.6105,1623,1550,7682
204,受ける,動詞,際,名詞,431,5.6105,749,3015,7682
205,活動,名詞,生徒,名詞,429,5.5845,1104,2296,7682
206,左,名詞,練習,名詞,427,5.5584,1470,2068,7682
207,する,動詞,床,名詞,423,5.5064,6712,465,7682
208,ボール,名詞,試合,名詞,419,5.4543,1623,965,7682
209,練習,名詞,負傷,名詞,419,5.4543,2068,1632,7682
210,する,動詞,サッカー,名詞,417,5.4283,6712,463,7682
211,れる,動詞,生徒,名詞,416,5.4153,1340,2296,7682
212,生徒,名詞,試合,名詞,416,5.4153,2296,965,7682
213,いる,動詞,教室,名詞,415,5.4022,5314,580,7682
214,する,動詞,救急,名詞,414,5.3892,6712,416,7682
215,れる,動詞,部,名詞,414,5.3892,1340,2321,7682
216,する,動詞,搬送,名詞,413,5.3762,6712,414,7682
217,児童,名詞,際,名詞,410,5.3372,1055,3015,7682
218,ため,名詞,生徒,名詞,409,5.3241,1266,2296,7682
219,する,動詞,人,名詞,404,5.259,6712,451,7682
220,ところ,名詞,ボール,名詞,400,5.207,1929,1623,7682
221,いる,動詞,上,名詞,397,5.1679,5314,541,7682
222,ところ,名詞,右,名詞,397,5.1679,1929,1550,7682
223,する,動詞,地面,名詞,395,5.1419,6712,429,7682
224,する,動詞,顔,名詞,395,5.1419,6712,451,7682
225,中,名詞,後,名詞,393,5.1159,4291,788,7682
226,際,名詞,顔面,名詞,393,5.1159,3015,1039,7682
227,いる,動詞,強い,形容詞,390,5.0768,5314,577,7682
228,する,動詞,休憩,名詞,390,5.0768,6712,433,7682
229,ところ,名詞,左,名詞,390,5.0768,1929,1470,7682
230,相手,名詞,試合,名詞,390,5.0768,908,965,7682
231,ある,動詞,いる,動詞,389,5.0638,551,5314,7682
232,ため,名詞,ところ,名詞,389,5.0638,1266,1929,7682
233,試合,名詞,際,名詞,389,5.0638,965,3015,7682
234,運動,名詞,部,名詞,389,5.0638,809,2321,7682
235,いる,動詞,ぶつかる,動詞,385,5.0117,5314,534,7682
236,する,動詞,骨折,名詞,385,5.0117,6712,389,7682
237,相手,名詞,際,名詞,385,5.0117,908,3015,7682
238,ボール,名詞,左,名詞,384,4.9987,1623,1470,7682
239,いる,動詞,人,名詞,377,4.9076,5314,451,7682
240,なる,動詞,際,名詞,377,4.9076,1043,3015,7682
241,する,動詞,自転車,名詞,376,4.8946,6712,393,7682
242,ボール,名詞,野球,名詞,376,4.8946,1623,702,7682
243,中,名詞,体育館,名詞,376,4.8946,4291,562,7682
244,休憩,名詞,時間,名詞,375,4.8815,433,822,7682
245,強打,名詞,際,名詞,375,4.8815,810,3015,7682
246,相手,名詞,部,名詞,374,4.8685,908,2321,7682
247,搬送,名詞,救急,名詞,373,4.8555,414,416,7682
248,中,名詞,休憩,名詞,371,4.8295,4291,433,7682
249,いる,動詞,直撃,名詞,368,4.7904,5314,488,7682
250,くる,動詞,中,名詞,368,4.7904,697,4291,7682
251,他,名詞,当たる,動詞,366,4.7644,1224,1708,7682
252,する,動詞,治療,名詞,365,4.7514,6712,372,7682
253,他,名詞,部,名詞,365,4.7514,1224,2321,7682
254,ところ,名詞,他,名詞,361,4.6993,1929,1224,7682
255,中,名詞,時,名詞,361,4.6993,4291,753,7682
256,いる,動詞,バランス,名詞,359,4.6733,5314,534,7682
257,ため,名詞,部,名詞,358,4.6602,1266,2321,7682
258,れる,動詞,搬送,名詞,358,4.6602,1340,414,7682
259,れる,動詞,救急,名詞,358,4.6602,1340,416,7682
260,なる,動詞,生徒,名詞,357,4.6472,1043,2296,7682
261,ところ,名詞,眼,名詞,354,4.6082,1929,1473,7682
262,ボール,名詞,負傷,名詞,354,4.6082,1623,1632,7682
263,受ける,動詞,治療,名詞,353,4.5952,749,372,7682
264,いる,動詞,崩す,動詞,351,4.5691,5314,518,7682
265,ところ,名詞,れる,動詞,351,4.5691,1929,1340,7682
266,中,名詞,行う,動詞,351,4.5691,4291,601,7682
267,する,動詞,滑る,動詞,350,4.5561,6712,388,7682
268,ボール,名詞,活動,名詞,350,4.5561,1623,1104,7682
269,中,名詞,救急,名詞,350,4.5561,4291,416,7682
270,受ける,動詞,部,名詞,350,4.5561,749,2321,7682
271,する,動詞,ぶつける,動詞,349,4.5431,6712,422,7682
272,時間,名詞,際,名詞,349,4.5431,822,3015,7682
273,中,名詞,搬送,名詞,348,4.5301,4291,414,7682
274,いる,動詞,口,名詞,346,4.504,5314,490,7682
275,いる,動詞,休憩,名詞,345,4.491,5314,433,7682
276,ところ,名詞,負傷,名詞,345,4.491,1929,1632,7682
277,生徒,名詞,顔面,名詞,343,4.465,2296,1039,7682
278,右,名詞,負傷,名詞,341,4.4389,1550,1632,7682
279,相手,名詞,練習,名詞,341,4.4389,908,2068,7682
280,する,動詞,２,名詞,340,4.4259,6712,389,7682
281,とき,名詞,生徒,名詞,340,4.4259,1108,2296,7682
282,する,動詞,投げる,動詞,339,4.4129,6712,403,7682
283,する,動詞,頭部,名詞,339,4.4129,6712,373,7682
284,中,名詞,倒れる,動詞,339,4.4129,4291,612,7682
285,いる,動詞,床,名詞,336,4.3739,5314,465,7682
286,当たる,動詞,野球,名詞,335,4.3608,1708,702,7682
287,しまう,動詞,中,名詞,334,4.3478,717,4291,7682
288,中,名詞,治療,名詞,334,4.3478,4291,372,7682
289,いる,動詞,歯,名詞,333,4.3348,5314,498,7682
290,受ける,動詞,残る,動詞,333,4.3348,749,797,7682
291,する,動詞,手術,名詞,332,4.3218,6712,335,7682
292,中,名詞,手,名詞,331,4.3088,4291,634,7682
293,中,名詞,走る,動詞,329,4.2827,4291,704,7682
294,眼,名詞,負傷,名詞,329,4.2827,1473,1632,7682
295,する,動詞,よう,名詞,327,4.2567,6712,366,7682
296,する,動詞,本,名詞,327,4.2567,6712,397,7682
297,サッカー,名詞,中,名詞,327,4.2567,463,4291,7682
298,当たる,動詞,活動,名詞,327,4.2567,1708,1104,7682
299,ボール,名詞,相手,名詞,326,4.2437,1623,908,7682
300,授業,名詞,生徒,名詞,324,4.2177,990,2296,7682
301,負傷,名詞,転倒,名詞,324,4.2177,1632,1254,7682
302,前歯,名詞,際,名詞,323,4.2046,750,3015,7682
303,とき,名詞,部,名詞,322,4.1916,1108,2321,7682
304,いる,動詞,顔,名詞,321,4.1786,5314,451,7682
305,左,名詞,負傷,名詞,321,4.1786,1470,1632,7682
306,する,動詞,膝,名詞,320,4.1656,6712,358,7682
307,他,名詞,眼,名詞,320,4.1656,1224,1473,7682
308,ところ,名詞,児童,名詞,319,4.1526,1929,1055,7682
309,れる,動詞,受ける,動詞,319,4.1526,1340,749,7682
310,当たる,動詞,試合,名詞,319,4.1526,1708,965,7682
311,する,動詞,蹴る,動詞,318,4.1395,6712,400,7682
312,打つ,動詞,生徒,名詞,318,4.1395,835,2296,7682
313,打つ,動詞,際,名詞,318,4.1395,835,3015,7682
314,打つ,動詞,練習,名詞,317,4.1265,835,2068,7682
315,他,名詞,左,名詞,316,4.1135,1224,1470,7682
316,活動,名詞,眼,名詞,316,4.1135,1104,1473,7682
317,野球,名詞,際,名詞,316,4.1135,702,3015,7682
318,中,名詞,強い,形容詞,315,4.1005,4291,577,7682
319,中,名詞,足,名詞,315,4.1005,4291,667,7682
320,場,名詞,練習,名詞,315,4.1005,886,2068,7682
321,する,動詞,下,名詞,314,4.0875,6712,374,7682
322,する,動詞,右手,名詞,314,4.0875,6712,347,7682
323,ところ,名詞,授業,名詞,314,4.0875,1929,990,7682
324,中,名詞,歯,名詞,313,4.0745,4291,498,7682
325,中,名詞,直撃,名詞,311,4.0484,4291,488,7682
326,部,名詞,顔面,名詞,311,4.0484,2321,1039,7682
327,いる,動詞,投げる,動詞,308,4.0094,5314,403,7682
328,する,動詞,廊下,名詞,308,4.0094,6712,366,7682
329,中,名詞,骨折,名詞,307,3.9964,4291,389,7682
330,強打,名詞,転倒,名詞,307,3.9964,810,1254,7682
331,いる,動詞,ぶつける,動詞,306,3.9833,5314,422,7682
332,体育,名詞,生徒,名詞,305,3.9703,891,2296,7682
333,いる,動詞,サッカー,名詞,304,3.9573,5314,463,7682
334,とき,名詞,練習,名詞,304,3.9573,1108,2068,7682
335,打つ,動詞,部,名詞,304,3.9573,835,2321,7682
336,バランス,名詞,中,名詞,303,3.9443,534,4291,7682
337,活動,名詞,野球,名詞,302,3.9313,1104,702,7682
338,ところ,名詞,転倒,名詞,301,3.9183,1929,1254,7682
339,なる,動詞,部,名詞,300,3.9052,1043,2321,7682
340,サッカー,名詞,ボール,名詞,300,3.9052,463,1623,7682
341,中,名詞,友人,名詞,300,3.9052,4291,691,7682
342,生徒,名詞,野球,名詞,299,3.8922,2296,702,7682
343,他,名詞,右,名詞,298,3.8792,1224,1550,7682
344,足,名詞,際,名詞,298,3.8792,667,3015,7682
345,眼,名詞,野球,名詞,297,3.8662,1473,702,7682
346,いる,動詞,滑る,動詞,296,3.8532,5314,388,7682
347,する,動詞,障害,名詞,296,3.8532,6712,341,7682
348,れる,動詞,負傷,名詞,296,3.8532,1340,1632,7682
349,いる,動詞,地面,名詞,295,3.8401,5314,429,7682
350,する,動詞,打球,名詞,294,3.8271,6712,352,7682
351,中,名詞,崩す,動詞,294,3.8271,4291,518,7682
352,右,名詞,残る,動詞,293,3.8141,1550,797,7682
353,当たる,動詞,相手,名詞,291,3.7881,1708,908,7682
354,場,名詞,生徒,名詞,290,3.7751,886,2296,7682
355,する,動詞,頭,名詞,289,3.762,6712,355,7682
356,れる,動詞,右,名詞,289,3.762,1340,1550,7682
357,他,名詞,練習,名詞,288,3.749,1224,2068,7682
358,練習,名詞,運動,名詞,287,3.736,2068,809,7682
359,転倒,名詞,部,名詞,287,3.736,1254,2321,7682
360,いる,動詞,搬送,名詞,286,3.723,5314,414,7682
361,しまう,動詞,際,名詞,286,3.723,717,3015,7682
362,なる,動詞,れる,動詞,286,3.723,1043,1340,7682
363,いる,動詞,救急,名詞,285,3.71,5314,416,7682
364,する,動詞,取る,動詞,285,3.71,6712,321,7682
365,中,名詞,手術,名詞,285,3.71,4291,335,7682
366,練習,名詞,顔面,名詞,285,3.71,2068,1039,7682
367,ため,名詞,練習,名詞,283,3.6839,1266,2068,7682
368,他,名詞,負傷,名詞,282,3.6709,1224,1632,7682
369,後,名詞,際,名詞,282,3.6709,788,3015,7682
370,手,名詞,際,名詞,282,3.6709,634,3015,7682
371,いる,動詞,本,名詞,281,3.6579,5314,397,7682
372,ぶつかる,動詞,中,名詞,281,3.6579,534,4291,7682
373,する,動詞,落下,名詞,280,3.6449,6712,282,7682
374,中,名詞,自転車,名詞,280,3.6449,4291,393,7682
375,ため,名詞,れる,動詞,279,3.6319,1266,1340,7682
376,中,名詞,障害,名詞,279,3.6319,4291,341,7682
377,れる,動詞,残る,動詞,278,3.6188,1340,797,7682
378,友人,名詞,際,名詞,278,3.6188,691,3015,7682
379,場,名詞,残る,動詞,278,3.6188,886,797,7682
380,残る,動詞,運動,名詞,278,3.6188,797,809,7682
381,負傷,名詞,顔面,名詞,278,3.6188,1632,1039,7682
382,する,動詞,受診,名詞,277,3.6058,6712,279,7682
383,中,名詞,顔,名詞,277,3.6058,4291,451,7682
384,いる,動詞,２,名詞,276,3.5928,5314,389,7682
385,いる,動詞,よう,名詞,274,3.5668,5314,366,7682
386,受ける,動詞,搬送,名詞,274,3.5668,749,414,7682
387,くる,動詞,際,名詞,273,3.5538,697,3015,7682
388,する,動詞,瘢痕,名詞,273,3.5538,6712,284,7682
389,中,名詞,前,名詞,273,3.5538,4291,588,7682
390,いる,動詞,持つ,動詞,272,3.5407,5314,304,7682
391,れる,動詞,練習,名詞,272,3.5407,1340,2068,7682
392,右,名詞,活動,名詞,271,3.5277,1550,1104,7682
393,する,動詞,３,名詞,269,3.5017,6712,303,7682
394,体育館,名詞,際,名詞,269,3.5017,562,3015,7682
395,受ける,動詞,救急,名詞,269,3.5017,749,416,7682
396,いる,動詞,下,名詞,268,3.4887,5314,374,7682
397,こと,名詞,する,動詞,268,3.4887,305,6712,7682
398,いる,動詞,治療,名詞,267,3.4757,5314,372,7682
399,する,動詞,室,名詞,267,3.4757,6712,323,7682
400,ところ,名詞,なる,動詞,267,3.4757,1929,1043,7682
401,転倒,名詞,顔面,名詞,267,3.4757,1254,1039,7682
402,する,動詞,つく,動詞,266,3.4626,6712,291,7682
403,する,動詞,状態,名詞,266,3.4626,6712,295,7682
404,する,動詞,車,名詞,266,3.4626,6712,268,7682
405,ところ,名詞,時間,名詞,266,3.4626,1929,822,7682
406,れる,動詞,他,名詞,266,3.4626,1340,1224,7682
407,中,名詞,口,名詞,266,3.4626,4291,490,7682
408,左,名詞,残る,動詞,266,3.4626,1470,797,7682
409,生徒,名詞,直撃,名詞,266,3.4626,2296,488,7682
410,する,動詞,行く,動詞,265,3.4496,6712,319,7682
411,中,名詞,瘢痕,名詞,265,3.4496,4291,284,7682
412,走る,動詞,際,名詞,265,3.4496,704,3015,7682
413,ボール,名詞,打つ,動詞,264,3.4366,1623,835,7682
414,直撃,名詞,練習,名詞,263,3.4236,488,2068,7682
415,いる,動詞,廊下,名詞,262,3.4106,5314,366,7682
416,する,動詞,持つ,動詞,262,3.4106,6712,304,7682
417,上,名詞,中,名詞,262,3.4106,541,4291,7682
418,ため,名詞,負傷,名詞,260,3.3845,1266,1632,7682
419,行う,動詞,際,名詞,260,3.3845,601,3015,7682
420,いる,動詞,骨折,名詞,259,3.3715,5314,389,7682
421,くる,動詞,生徒,名詞,259,3.3715,697,2296,7682
422,する,動詞,入る,動詞,258,3.3585,6712,306,7682
423,する,動詞,１,名詞,258,3.3585,6712,296,7682
424,ため,名詞,なる,動詞,258,3.3585,1266,1043,7682
425,ところ,名詞,顔面,名詞,258,3.3585,1929,1039,7682
426,後,名詞,生徒,名詞,258,3.3585,788,2296,7682
427,する,動詞,病院,名詞,257,3.3455,6712,263,7682
428,する,動詞,落ちる,動詞,255,3.3194,6712,300,7682
429,眼,名詞,試合,名詞,255,3.3194,1473,965,7682
430,する,動詞,バッティング,名詞,254,3.3064,6712,279,7682
431,中,名詞,打球,名詞,254,3.3064,4291,352,7682
432,する,動詞,出る,動詞,253,3.2934,6712,286,7682
433,する,動詞,バスケットボール,名詞,252,3.2804,6712,273,7682
434,ため,名詞,児童,名詞,252,3.2804,1266,1055,7682
435,児童,名詞,当たる,動詞,252,3.2804,1055,1708,7682
436,いる,動詞,蹴る,動詞,251,3.2674,5314,400,7682
437,なる,動詞,練習,名詞,251,3.2674,1043,2068,7682
438,れる,動詞,左,名詞,251,3.2674,1340,1470,7682
439,左,名詞,活動,名詞,251,3.2674,1470,1104,7682
440,後,名詞,部,名詞,251,3.2674,788,2321,7682
441,打つ,動詞,眼,名詞,251,3.2674,835,1473,7682
442,する,動詞,下校,名詞,250,3.2544,6712,281,7682
443,他,名詞,残る,動詞,250,3.2544,1224,797,7682
444,強い,形容詞,際,名詞,250,3.2544,577,3015,7682
445,児童,名詞,負傷,名詞,249,3.2413,1055,1632,7682
446,自転車,名詞,転倒,名詞,249,3.2413,393,1254,7682
447,する,動詞,終了,名詞,248,3.2283,6712,271,7682
448,バランス,名詞,際,名詞,248,3.2283,534,3015,7682
449,治療,名詞,際,名詞,248,3.2283,372,3015,7682
450,いる,動詞,右手,名詞,247,3.2153,5314,347,7682
451,する,動詞,左手,名詞,247,3.2153,6712,266,7682
452,ボール,名詞,蹴る,動詞,247,3.2153,1623,400,7682
453,強打,名詞,顔面,名詞,247,3.2153,810,1039,7682
454,活動,名詞,負傷,名詞,247,3.2153,1104,1632,7682
455,ある,動詞,中,名詞,245,3.1893,551,4291,7682
456,いる,動詞,頭,名詞,245,3.1893,5314,355,7682
457,ため,名詞,転倒,名詞,245,3.1893,1266,1254,7682
458,ところ,名詞,体育,名詞,245,3.1893,1929,891,7682
459,ボール,名詞,場,名詞,245,3.1893,1623,886,7682
460,崩す,動詞,際,名詞,245,3.1893,518,3015,7682
461,相手,名詞,眼,名詞,245,3.1893,908,1473,7682
462,打球,名詞,練習,名詞,244,3.1763,352,2068,7682
463,する,動詞,性,名詞,243,3.1632,6712,252,7682
464,する,動詞,選手,名詞,243,3.1632,6712,271,7682
465,ところ,名詞,活動,名詞,243,3.1632,1929,1104,7682
466,児童,名詞,右,名詞,243,3.1632,1055,1550,7682
467,生徒,名詞,行う,動詞,243,3.1632,2296,601,7682
468,生徒,名詞,運動,名詞,243,3.1632,2296,809,7682
469,足,名詞,転倒,名詞,243,3.1632,667,1254,7682
470,いる,動詞,バッティング,名詞,241,3.1372,5314,279,7682
471,いる,動詞,頭部,名詞,241,3.1372,5314,373,7682
472,する,動詞,られる,動詞,241,3.1372,6712,287,7682
473,する,動詞,切る,動詞,241,3.1372,6712,303,7682
474,する,動詞,残存,名詞,241,3.1372,6712,241,7682
475,倒れる,動詞,際,名詞,241,3.1372,612,3015,7682
476,右,名詞,相手,名詞,241,3.1372,1550,908,7682
477,場,名詞,当たる,動詞,241,3.1372,886,1708,7682
478,残る,動詞,負傷,名詞,241,3.1372,797,1632,7682
479,いる,動詞,室,名詞,240,3.1242,5314,323,7682
480,する,動詞,飛ぶ,動詞,240,3.1242,6712,274,7682
481,中,名詞,投げる,動詞,240,3.1242,4291,403,7682
482,する,動詞,衝突,名詞,239,3.1112,6712,239,7682
483,ボール,名詞,直撃,名詞,239,3.1112,1623,488,7682
484,中,名詞,受診,名詞,239,3.1112,4291,279,7682
485,直撃,名詞,眼,名詞,239,3.1112,488,1473,7682
486,いる,動詞,手術,名詞,238,3.0982,5314,335,7682
487,強打,名詞,部,名詞,238,3.0982,810,2321,7682
488,時,名詞,際,名詞,238,3.0982,753,3015,7682
489,上,名詞,際,名詞,237,3.0851,541,3015,7682
490,いる,動詞,打球,名詞,236,3.0721,5314,352,7682
491,いる,動詞,膝,名詞,236,3.0721,5314,358,7682
492,とき,名詞,ボール,名詞,236,3.0721,1108,1623,7682
493,ボール,名詞,顔面,名詞,236,3.0721,1623,1039,7682
494,中,名詞,性,名詞,236,3.0721,4291,252,7682
495,当たる,動詞,打つ,動詞,236,3.0721,1708,835,7682
496,する,動詞,接触,名詞,235,3.0591,6712,239,7682
497,場,名詞,左,名詞,235,3.0591,886,1470,7682
498,サッカー,名詞,部,名詞,234,3.0461,463,2321,7682
499,ボール,名詞,他,名詞,234,3.0461,1623,1224,7682
500,場,名詞,眼,名詞,234,3.0461,886,1473,7682
