全候補内順位,因子,カテゴリ,研究テーマ候補,方向,歯牙障害件数,歯牙障害以外件数,合計件数,歯牙障害群内割合（％）,歯牙障害以外群内割合（％）,割合差（pt）,オッズ比,95%CI下限,95%CI上限,絶対log2OR,Fisher_p値,BH補正p値,効果量点,割合差点,統計的確実性点,対象規模点,研究優先度スコア,解釈上の注意
1,被災学校種,高,被災学校種「高」と歯牙障害の関連（歯牙障害で多い）,歯牙障害で多い,886,2062,2948,55.969677826910925,33.8088211182161,22.160856708694823,2.488691315280814,2.2238295882199433,2.78509850555221,1.3153872967989968,2.5935197042593387e-57,1.5431442240343066e-55,88.23529411764706,100.0,99.15966386554622,97.47899159663865,95.29411764705881,仮説生成用（因果関係を示さず、交絡調整・研究デザイン検討が必要）
2,発生場所2,道路,発生場所2「道路」と歯牙障害の関連（歯牙障害で多い）,歯牙障害で多い,273,343,616,17.24573594440935,5.623872766027217,11.621863178382133,3.4971802461442594,2.9506933927842205,4.144879879397217,1.8061921550625255,4.917883962120836e-44,1.9507606383079315e-42,94.9579831932773,96.63865546218487,98.31932773109243,80.67226890756302,94.07563025210082,仮説生成用（因果関係を示さず、交絡調整・研究デザイン検討が必要）
3,場合別1,通学中,場合別1「通学中」と歯牙障害の関連（歯牙障害で多い）,歯牙障害で多い,262,328,590,16.55085281111813,5.377930808329234,11.172922002788896,3.4896004505086684,2.935068266409654,4.14890223970371,1.80306186134376,2.2694125343693608e-42,6.751502289748848e-41,94.11764705882352,94.9579831932773,97.47899159663865,79.83193277310924,93.0252100840336,仮説生成用（因果関係を示さず、交絡調整・研究デザイン検討が必要）
4,通学方法,自転車,通学方法「自転車」と歯牙障害の関連（歯牙障害で多い）,歯牙障害で多い,218,138,356,13.771320277953253,2.2626660108214462,11.508654267131806,6.898646281254977,5.529790328129604,8.606351722194574,2.7863132901623686,5.007418688124331e-66,5.958828238867954e-64,99.15966386554622,95.7983193277311,100.0,57.14285714285714,92.22689075630252,仮説生成用（因果関係を示さず、交絡調整・研究デザイン検討が必要）
5,被災学校種,小,被災学校種「小」と歯牙障害の関連（歯牙障害で少ない）,歯牙障害で少ない,245,1686,1931,15.476942514213517,27.643876045253318,-12.1669335310398,0.47927671299916486,0.4136285072982266,0.5553441398991038,1.0610692506049864,5.232963928684369e-25,1.0378711791890665e-23,81.5126050420168,97.47899159663865,95.7983193277311,89.91596638655463,90.33613445378151,仮説生成用（因果関係を示さず、交絡調整・研究デザイン検討が必要）
6,発生場所1,学校外（園外）,発生場所1「学校外（園外）」と歯牙障害の関連（歯牙障害で多い）,歯牙障害で多い,497,1119,1616,31.39608338597599,18.347270044269553,13.048813341706438,2.036694167543041,1.798483430538694,2.306456129463126,1.0262293597369738,6.71680156032693e-28,1.5985987713578092e-26,78.99159663865547,99.15966386554622,96.63865546218487,86.5546218487395,89.57983193277312,仮説生成用（因果関係を示さず、交絡調整・研究デザイン検討が必要）
7,発生場所2,教室（保育室）,発生場所2「教室（保育室）」と歯牙障害の関連（歯牙障害で少ない）,歯牙障害で少ない,81,701,782,5.116866708780796,11.49368748975242,-6.376820780971624,0.415269417286699,0.32763865841043965,0.5263380388940689,1.2678804671734187,1.824367705171585e-15,1.9736341537765326e-14,85.71428571428571,90.75630252100841,91.59663865546219,82.35294117647058,87.94117647058823,仮説生成用（因果関係を示さず、交絡調整・研究デザイン検討が必要）
8,場合別2,登校（登園）中,場合別2「登校（登園）中」と歯牙障害の関連（歯牙障害で多い）,歯牙障害で多い,117,132,249,7.39102969046115,2.164289227742253,5.226740462718897,3.6077297531936003,2.7947226568571746,4.657247093962186,1.8510912736460392,2.3199840641653678e-21,3.9439729090811256e-20,95.7983193277311,85.71428571428571,94.9579831932773,51.26050420168067,86.38655462184875,仮説生成用（因果関係を示さず、交絡調整・研究デザイン検討が必要）
9,競技種目,野球（含軟式）,競技種目「野球（含軟式）」と歯牙障害の関連（歯牙障害で多い）,歯牙障害で多い,352,765,1117,22.236260265319014,12.543039842597148,9.693220422721867,1.9937751867603255,1.732216543251513,2.2948282712272836,0.9955027441237518,1.1712598732458152e-20,1.5486658324028003e-19,76.47058823529412,94.11764705882352,93.27731092436974,84.03361344537815,86.21848739495798,仮説生成用（因果関係を示さず、交絡調整・研究デザイン検討が必要）
10,場合別2,下校（降園）中,場合別2「下校（降園）中」と歯牙障害の関連（歯牙障害で多い）,歯牙障害で多い,135,184,319,8.528111181301327,3.016888014428595,5.511223166872732,2.997106203459044,2.3826648302230526,3.7699996578921997,1.5835702071377633,2.993821076593778e-19,3.562647081146596e-18,92.43697478991596,89.07563025210085,92.43697478991596,54.621848739495796,85.92436974789916,仮説生成用（因果関係を示さず、交絡調整・研究デザイン検討が必要）
11,発生場所1,学校内・校舎内（園内・園舎内）,発生場所1「学校内・校舎内（園内・園舎内）」と歯牙障害の関連（歯牙障害で少ない）,歯牙障害で少ない,484,2649,3133,30.574857864813644,43.43334972946384,-12.858491864650198,0.5735678579414829,0.5095712440676178,0.6456017514597565,0.801963915491365,6.3675650272550445e-21,9.471752978041878e-20,65.54621848739495,98.31932773109243,94.11764705882352,98.31932773109243,85.79831932773108,仮説生成用（因果関係を示さず、交絡調整・研究デザイン検討が必要）
12,発生場所2,実習実験室,発生場所2「実習実験室」と歯牙障害の関連（歯牙障害で少ない）,歯牙障害で少ない,8,152,160,0.505369551484523,2.4922118380062304,-1.9868422865217075,0.19873015873015873,0.09739889381842244,0.4054838247192094,2.331117266342023,2.8561413502376693e-08,2.1242551292392665e-07,98.31932773109243,73.94957983193278,87.39495798319328,47.05882352941176,81.80672268907563,仮説生成用（因果関係を示さず、交絡調整・研究デザイン検討が必要）
13,場合別1,休憩時間,場合別1「休憩時間」と歯牙障害の関連（歯牙障害で少ない）,歯牙障害で少ない,250,1394,1644,15.792798483891346,22.856205935399245,-7.063407451507899,0.6330043773497176,0.5460766120190274,0.7337698281243035,0.6597126186794102,4.4066191533683865e-10,4.369897327090317e-09,60.50420168067227,91.59663865546219,90.75630252100841,87.81512605042016,79.93697478991596,仮説生成用（因果関係を示さず、交絡調整・研究デザイン検討が必要）
14,場合別2,体育的部活動,場合別2「体育的部活動」と歯牙障害の関連（歯牙障害で多い）,歯牙障害で多い,674,2081,2755,42.57738471257107,34.120347597966884,8.457037114604184,1.4316401366229847,1.2789024041162174,1.602619147632493,0.5176688959857085,6.240279305550517e-10,5.712255672003935e-09,52.10084033613446,93.27731092436974,89.91596638655463,94.9579831932773,78.27731092436976,仮説生成用（因果関係を示さず、交絡調整・研究デザイン検討が必要）
15,競技種目,ソフトボール,競技種目「ソフトボール」と歯牙障害の関連（歯牙障害で多い）,歯牙障害で多い,75,138,213,4.737839545167404,2.2626660108214462,2.4751735343459575,2.1483248760235267,1.6126747669135562,2.8618912304150257,1.1032121784198738,6.905050252460703e-07,4.565005444682354e-06,83.19327731092437,75.63025210084034,85.71428571428571,50.42016806722689,77.01680672268908,仮説生成用（因果関係を示さず、交絡調整・研究デザイン検討が必要）
16,場合別1,課外指導,場合別1「課外指導」と歯牙障害の関連（歯牙障害で多い）,歯牙障害で多い,687,2159,2846,43.39861023373342,35.39924577799639,7.99936445573703,1.399240306358764,1.250482710889833,1.5656941258674109,0.48464375308172936,5.940714327555703e-09,4.712966699860858e-08,48.739495798319325,92.43697478991596,88.23529411764706,95.7983193277311,76.59663865546219,仮説生成用（因果関係を示さず、交絡調整・研究デザイン検討が必要）
17,被災学年,5,被災学年「5」と歯牙障害の関連（歯牙障害で少ない）,歯牙障害で少ない,58,403,461,3.663929248262792,6.6076405968191505,-2.9437113485563584,0.5375552210877436,0.40586977830637777,0.7119663280288936,0.8955151297716085,4.430035830117429e-06,2.3382494808148492e-05,70.58823529411765,80.67226890756302,81.9327731092437,71.42857142857143,76.07142857142857,仮説生成用（因果関係を示さず、交絡調整・研究デザイン検討が必要）
18,被災学年,6,被災学年「6」と歯牙障害の関連（歯牙障害で少ない）,歯牙障害で少ない,54,384,438,3.41124447252053,6.296114117068371,-2.884869644547841,0.5256192773054283,0.3931462025114892,0.7027299841895509,0.9279099068166519,4.519305719221978e-06,2.3382494808148492e-05,71.42857142857143,79.83193277310924,81.9327731092437,69.74789915966386,75.90336134453781,仮説生成用（因果関係を示さず、交絡調整・研究デザイン検討が必要）
19,競技種目,バスケットボール,競技種目「バスケットボール」と歯牙障害の関連（歯牙障害で多い）,歯牙障害で多い,112,233,345,7.075173720783323,3.82029840957534,3.254875311207983,1.9168648229139618,1.5192180762000151,2.418593358575348,0.9387486019054495,1.246241520650917e-07,8.723690644556418e-07,72.26890756302521,81.5126050420168,86.5546218487395,56.30252100840336,75.7563025210084,仮説生成用（因果関係を示さず、交絡調整・研究デザイン検討が必要）
20,発生場所2,昇降口・玄関,発生場所2「昇降口・玄関」と歯牙障害の関連（歯牙障害で少ない）,歯牙障害で少ない,6,96,102,0.3790271636133923,1.5740285292670928,-1.1950013656537006,0.23791217501585288,0.10408897933276745,0.5437867042563583,2.071498992163613,5.8905087528997945e-05,0.0002696040544596444,97.47899159663865,64.70588235294117,78.99159663865547,37.81512605042017,75.7142857142857,仮説生成用（因果関係を示さず、交絡調整・研究デザイン検討が必要）
21,和暦,平成,和暦「平成」と歯牙障害の関連（歯牙障害で多い）,歯牙障害で多い,1313,4725,6038,82.94377763739735,77.47171667486474,5.472060962532609,1.4141187536743092,1.224353656858024,1.6332959339747943,0.49990327866435874,1.6955151302932269e-06,9.607919071661618e-06,50.42016806722689,87.39495798319328,83.61344537815127,100.0,75.39915966386555,仮説生成用（因果関係を示さず、交絡調整・研究デザイン検討が必要）
22,場合別1,各教科等,場合別1「各教科等」と歯牙障害の関連（歯牙障害で少ない）,歯牙障害で少ない,233,1226,1459,14.718888186986733,20.101656009181834,-5.382767822195101,0.6860062836082412,0.5889792692608868,0.7990172926469126,0.5437063037823788,8.032428321998493e-07,5.030836685883267e-06,55.46218487394958,86.5546218487395,84.87394957983193,85.71428571428571,75.12605042016807,仮説生成用（因果関係を示さず、交絡調整・研究デザイン検討が必要）
23,競技種目,バドミントン,競技種目「バドミントン」と歯牙障害の関連（歯牙障害で少ない）,歯牙障害で少ない,12,125,137,0.7580543272267846,2.0495163141498605,-1.291461986923076,0.3650566518141311,0.2013635119649216,0.6618197990952764,1.4538077269243368,0.0002515547916919276,0.0009656458132690124,91.59663865546219,67.22689075630252,74.78991596638656,43.69747899159664,74.11764705882354,仮説生成用（因果関係を示さず、交絡調整・研究デザイン検討が必要）
24,競技種目,ホッケー,競技種目「ホッケー」と歯牙障害の関連（歯牙障害で多い）,歯牙障害で多い,20,7,27,1.2634238787113077,0.1147729135923922,1.1486509651189154,11.136093592907413,4.700436889327459,26.383202972380992,3.477171336317386,3.3980915521077897e-09,2.8883778192916215e-08,100.0,63.02521008403361,89.07563025210085,7.142857142857142,74.09663865546219,仮説生成用（因果関係を示さず、交絡調整・研究デザイン検討が必要）
25,競技種目,柔道,競技種目「柔道」と歯牙障害の関連（歯牙障害で少ない）,歯牙障害で少ない,13,129,142,0.82122552116235,2.115100836202656,-1.293875315040306,0.3832024885202192,0.2160523784829054,0.6796691998450154,1.383821164908984,0.00032677261826411256,0.0011783618658614968,89.91596638655463,68.0672268907563,73.52941176470588,44.537815126050425,73.55042016806723,仮説生成用（因果関係を示さず、交絡調整・研究デザイン検討が必要）
26,和暦,令和,和暦「令和」と歯牙障害の関連（歯牙障害で少ない）,歯牙障害で少ない,270,1374,1644,17.056222362602654,22.528283325135266,-5.472060962532613,0.7071541887141352,0.6122589171984263,0.8167574739526097,0.4999032786643587,1.6955151302932269e-06,9.607919071661618e-06,49.57983193277311,88.23529411764706,83.61344537815127,87.81512605042016,73.48739495798318,仮説生成用（因果関係を示さず、交絡調整・研究デザイン検討が必要）
27,被災学年,4,被災学年「4」と歯牙障害の関連（歯牙障害で少ない）,歯牙障害で少ない,54,366,420,3.41124447252053,6.0009837678307925,-2.5897392953102623,0.5532063172115065,0.4134320433730149,0.7402358726379582,0.8541104637827659,2.9769846312435374e-05,0.00014170446844719237,67.22689075630252,77.31092436974791,79.83193277310924,68.0672268907563,73.02521008403362,仮説生成用（因果関係を示さず、交絡調整・研究デザイン検討が必要）
28,競技種目,マット運動,競技種目「マット運動」と歯牙障害の関連（歯牙障害で少ない）,歯牙障害で少ない,5,78,83,0.3158559696778269,1.278898180029513,-0.963042210351686,0.2445890611289851,0.09885810936868572,0.6051482190585791,2.0315682119045713,0.0003267660832501759,0.0011783618658614968,96.63865546218487,59.66386554621849,73.52941176470588,32.773109243697476,72.0378151260504,仮説生成用（因果関係を示さず、交絡調整・研究デザイン検討が必要）
29,場合別2,昼食時休憩時間中,場合別2「昼食時休憩時間中」と歯牙障害の関連（歯牙障害で少ない）,歯牙障害で少ない,76,452,528,4.801010739102969,7.4110509919658965,-2.6100402528629276,0.6300567851501254,0.49090884752246466,0.8086461560372372,0.6664462345881366,0.0001806315881491963,0.0007165052996584788,61.34453781512605,78.15126050420169,75.63025210084034,78.99159663865547,71.76470588235293,仮説生成用（因果関係を示さず、交絡調整・研究デザイン検討が必要）
30,被災学校種,中,被災学校種「中」と歯牙障害の関連（歯牙障害で少ない）,歯牙障害で少ない,386,1839,2225,24.384080859128236,30.15248401377275,-5.768403154644513,0.7470007263945617,0.6578480200856892,0.8482355623131893,0.42081844897415865,5.539407156572349e-06,2.7466227151337895e-05,42.857142857142854,89.91596638655463,80.67226890756302,92.43697478991596,71.5126050420168,仮説生成用（因果関係を示さず、交絡調整・研究デザイン検討が必要）
31,場合別2,休憩時間中,場合別2「休憩時間中」と歯牙障害の関連（歯牙障害で少ない）,歯牙障害で少ない,94,538,632,5.9380922299431464,8.821118216101,-2.883025986157854,0.6525349464848792,0.5203049780017491,0.818369753100061,0.6158729276563895,0.0001412724227071783,0.0005797040793846281,57.98319327731093,78.99159663865547,76.47058823529412,81.5126050420168,71.38655462184875,仮説生成用（因果関係を示さず、交絡調整・研究デザイン検討が必要）
32,性別,男,性別「男」と歯牙障害の関連（歯牙障害で多い）,歯牙障害で多い,1191,4292,5483,75.23689197725837,70.37219216264961,4.8646998146087554,1.2791578304201456,1.1269636471156557,1.4519055333443713,0.3551942838569834,0.0001232997727073342,0.0005240240340061704,37.81512605042017,84.45378151260505,77.73109243697479,99.15966386554622,68.65546218487395,仮説生成用（因果関係を示さず、交絡調整・研究デザイン検討が必要）
33,性別,女,性別「女」と歯牙障害の関連（歯牙障害で少ない）,歯牙障害で少ない,392,1807,2199,24.76310802274163,29.627807837350385,-4.8646998146087554,0.7817643579381796,0.6887500440173707,0.8873400686520759,0.3551942838569835,0.0001232997727073342,0.0005240240340061704,38.655462184873954,84.45378151260505,77.73109243697479,90.75630252100841,67.6890756302521,仮説生成用（因果関係を示さず、交絡調整・研究デザイン検討が必要）
34,被災学校種,特高,被災学校種「特高」と歯牙障害の関連（歯牙障害で多い）,歯牙障害で多い,31,56,87,1.9583070120025268,0.9181833087391376,1.0401237032633892,2.1554330817378498,1.3849816004218243,3.354479054765004,1.1079777728418148,0.0011738269196481348,0.003880150095503557,84.03361344537815,62.18487394957983,70.58823529411765,33.61344537815126,67.6470588235294,仮説生成用（因果関係を示さず、交絡調整・研究デザイン検討が必要）
35,場合別2,始業前の特定時間中,場合別2「始業前の特定時間中」と歯牙障害の関連（歯牙障害で少ない）,歯牙障害で少ない,24,175,199,1.5161086544535691,2.8693228398098047,-1.3532141853562356,0.5211252634472647,0.338905593262254,0.8013191449243268,0.9402978985201096,0.0018117991760905061,0.00567379215670448,73.10924369747899,68.90756302521008,68.90756302521008,48.739495798319325,67.35294117647058,仮説生成用（因果関係を示さず、交絡調整・研究デザイン検討が必要）
36,給付年度,3,給付年度「3」と歯牙障害の関連（歯牙障害で少ない）,歯牙障害で少ない,43,278,321,2.7163613392293113,4.55812428266929,-1.8417629434399787,0.5846561711669626,0.42198407946530897,0.8100372860434266,0.7743396513557569,0.0008820050976269346,0.0029988173319315777,64.70588235294117,72.26890756302521,71.42857142857143,55.46218487394958,66.89075630252101,仮説生成用（因果関係を示さず、交絡調整・研究デザイン検討が必要）
37,競技種目,サッカー・フットサル,競技種目「サッカー・フットサル」と歯牙障害の関連（歯牙障害で少ない）,歯牙障害で少ない,77,423,500,4.864181933038535,6.935563207083129,-2.071381274044594,0.6860689629190095,0.5346317030324894,0.8804016282815941,0.5435744930364251,0.002422210950156962,0.007390848796632781,54.621848739495796,74.78991596638656,68.0672268907563,77.31092436974791,66.42857142857143,仮説生成用（因果関係を示さず、交絡調整・研究デザイン検討が必要）
38,競技種目,水泳,競技種目「水泳」と歯牙障害の関連（歯牙障害で少ない）,歯牙障害で少ない,9,84,93,0.5685407454200885,1.3772749631087065,-0.808734217688618,0.40944363768379016,0.20543306588880295,0.8160521370521601,1.2882632247804955,0.0065191466246875395,0.018470915436614693,87.39495798319328,54.621848739495796,65.96638655462185,36.97478991596639,66.28151260504201,仮説生成用（因果関係を示さず、交絡調整・研究デザイン検討が必要）
39,給付年度,5,給付年度「5」と歯牙障害の関連（歯牙障害で少ない）,歯牙障害で少ない,42,266,308,2.6531901452937463,4.361370716510903,-1.7081805712171567,0.5976638546398443,0.42957042432475206,0.831533231610272,0.7425938004234497,0.0015221188102258654,0.004895463200456161,63.86554621848739,71.42857142857143,69.74789915966386,53.78151260504202,65.71428571428571,仮説生成用（因果関係を示さず、交絡調整・研究デザイン検討が必要）
40,被災学年,3,被災学年「3」と歯牙障害の関連（歯牙障害で多い）,歯牙障害で多い,403,1299,1702,25.45799115603285,21.298573536645353,4.159417619387497,1.2619877089286413,1.109664376624304,1.4352204243339135,0.33569785932676355,0.0004650775020515675,0.0016277712571804864,36.97478991596639,83.19327731092437,72.26890756302521,89.07563025210085,65.16806722689076,仮説生成用（因果関係を示さず、交絡調整・研究デザイン検討が必要）
41,給付年度,19,給付年度「19」と歯牙障害の関連（歯牙障害で多い）,歯牙障害で多い,127,370,497,8.022741629816805,6.0665682898835875,1.9561733399332173,1.3505772943272942,1.0951727850668256,1.6655445175631658,0.43357620848935524,0.00586455845392439,0.01744706140042506,45.378151260504204,73.10924369747899,67.22689075630252,76.47058823529412,62.436974789915965,仮説生成用（因果関係を示さず、交絡調整・研究デザイン検討が必要）
42,競技種目,持久走・長距離走,競技種目「持久走・長距離走」と歯牙障害の関連（歯牙障害で少ない）,歯牙障害で少ない,10,81,91,0.6317119393556538,1.3280865715691097,-0.6963746322134559,0.4723222905041087,0.2442929742364008,0.9132000083275682,1.0821564720796122,0.025615254061427215,0.06485564326191146,82.35294117647058,51.26050420168067,61.34453781512605,36.134453781512605,62.394957983193265,仮説生成用（因果関係を示さず、交絡調整・研究デザイン検討が必要）
43,場合別2,給食指導,場合別2「給食指導」と歯牙障害の関連（歯牙障害で少ない）,歯牙障害で少ない,5,50,55,0.3158559696778269,0.8198065256599443,-0.5039505559821174,0.38333333333333336,0.15261455427748968,0.962846860445986,1.3833286395515056,0.030057689747120715,0.0745180224980701,89.07563025210085,47.89915966386555,60.50420168067227,27.310924369747898,62.373949579831944,仮説生成用（因果関係を示さず、交絡調整・研究デザイン検討が必要）
44,場合別2,その他の教科,場合別2「その他の教科」と歯牙障害の関連（歯牙障害で少ない）,歯牙障害で少ない,20,138,158,1.2634238787113077,2.2626660108214462,-0.9992421321101386,0.552727475034076,0.3446795557801766,0.8863527196036722,0.8553597669196448,0.012568966449149647,0.0332379334988624,68.0672268907563,60.50420168067227,63.02521008403361,45.79831932773109,61.57563025210083,仮説生成用（因果関係を示さず、交絡調整・研究デザイン検討が必要）
45,場合別2,理科,場合別2「理科」と歯牙障害の関連（歯牙障害で少ない）,歯牙障害で少ない,4,42,46,0.2526847757422615,0.6886374815543532,-0.4359527058120917,0.36533067945354203,0.1308044149494973,1.0203516861530797,1.4527251825863678,0.04427431340840808,0.10537286591201124,90.75630252100841,44.537815126050425,58.82352941176471,23.10924369747899,61.07142857142857,仮説生成用（因果関係を示さず、交絡調整・研究デザイン検討が必要）
46,被災学年,2,被災学年「2」と歯牙障害の関連（歯牙障害で多い）,歯牙障害で多い,548,1891,2439,34.61781427668983,31.005082800459093,3.612731476230735,1.1782146296849811,1.0482237650804633,1.3243257402174597,0.2366023719163799,0.006385397848674035,0.018470915436614693,27.73109243697479,82.35294117647058,65.96638655462185,93.27731092436974,60.777310924369736,仮説生成用（因果関係を示さず、交絡調整・研究デザイン検討が必要）
47,発生場所2,その他,発生場所2「その他」と歯牙障害の関連（歯牙障害で少ない）,歯牙障害で少ない,59,320,379,3.7271004421983576,5.246761764223643,-1.5196613220252853,0.699149032152231,0.5266242165602171,0.9281938691543409,0.5163280784432404,0.013165948436275315,0.03405973617210353,51.26050420168067,70.58823529411765,62.18487394957983,60.50420168067227,60.21008403361344,仮説生成用（因果関係を示さず、交絡調整・研究デザイン検討が必要）
48,場合別2,通学（通園）に準ずるとき,場合別2「通学（通園）に準ずるとき」と歯牙障害の関連（歯牙障害で多い）,歯牙障害で多い,10,12,22,0.6317119393556538,0.1967535661583866,0.43495837319726727,3.2247298156389066,1.3906875178631202,7.477511842379287,1.6891782892283347,0.007569472996448287,0.020948076432031306,93.27731092436974,43.69747899159664,64.70588235294117,1.680672268907563,59.99999999999999,仮説生成用（因果関係を示さず、交絡調整・研究デザイン検討が必要）
49,場合別2,体育（保健体育）,場合別2「体育（保健体育）」と歯牙障害の関連（歯牙障害で少ない）,歯牙障害で少ない,192,895,1087,12.128869235628553,14.674536809313002,-2.545667573684449,0.8025800336561053,0.6793228703000354,0.9482011258342314,0.31728282925490625,0.009569049207586472,0.02587992853869978,33.61344537815126,76.47058823529412,63.86554621848739,83.19327731092437,59.32773109243698,仮説生成用（因果関係を示さず、交絡調整・研究デザイン検討が必要）
50,競技種目,ラグビー,競技種目「ラグビー」と歯牙障害の関連（歯牙障害で少ない）,歯牙障害で少ない,13,91,104,0.82122552116235,1.4920478767010985,-0.6708223555387485,0.5466787989080982,0.3049270656581827,0.9800957108563612,0.8712346683223218,0.03808488748135735,0.09249186959758214,69.74789915966386,50.42016806722689,59.66386554621849,38.655462184873954,57.731092436974784,仮説生成用（因果関係を示さず、交絡調整・研究デザイン検討が必要）
51,場合別2,学級（ホームルーム）活動,場合別2「学級（ホームルーム）活動」と歯牙障害の関連（歯牙障害で少ない）,歯牙障害で少ない,11,77,88,0.6948831332912192,1.2625020495163142,-0.567618916225095,0.5472555434387495,0.29024238875761027,1.0318569630935355,0.8697134315915332,0.06306258303923926,0.13897124780869394,68.90756302521008,49.57983193277311,55.46218487394958,34.87394957983193,55.60924369747899,仮説生成用（因果関係を示さず、交絡調整・研究デザイン検討が必要）
52,遊具等,ぶらんこ,遊具等「ぶらんこ」と歯牙障害の関連（歯牙障害で少ない）,歯牙障害で少ない,4,37,41,0.2526847757422615,0.6066568289883587,-0.3539720532460972,0.4150420211218185,0.14771440389987114,1.1661684625803395,1.2686706847048577,0.11846511384709305,0.2349558091300679,86.5546218487395,36.97478991596639,50.42016806722689,20.588235294117645,55.231092436974784,仮説生成用（因果関係を示さず、交絡調整・研究デザイン検討が必要）
53,発生場所2,学校外運動場・競技場,発生場所2「学校外運動場・競技場」と歯牙障害の関連（歯牙障害で多い）,歯牙障害で多い,119,374,493,7.517372078332281,6.1321528119363835,1.3852192663958975,1.24425608544461,1.0044236109981999,1.5413548518909912,0.3152834430079331,0.05019658934946768,0.11487296408820488,31.932773109243694,69.74789915966386,57.14285714285714,75.63025210084034,54.24369747899159,仮説生成用（因果関係を示さず、交絡調整・研究デザイン検討が必要）
54,給付年度,30,給付年度「30」と歯牙障害の関連（歯牙障害で少ない）,歯牙障害で少ない,68,335,403,4.295641187618446,5.492703721921627,-1.197062534303181,0.772281168415349,0.5914536408989074,1.008393831480222,0.3728019022803611,0.05776651379617449,0.12970217248575028,39.49579831932773,65.54621848739495,56.30252100840336,65.54621848739495,54.11764705882353,仮説生成用（因果関係を示さず、交絡調整・研究デザイン検討が必要）
55,競技種目,バレーボール,競技種目「バレーボール」と歯牙障害の関連（歯牙障害で多い）,歯牙障害で多い,43,115,158,2.7163613392293113,1.8855550090178717,0.8308063302114397,1.4529192546583851,1.0189546990943126,2.07170580049672,0.5389545280630957,0.04623914526006141,0.1078913389401433,53.78151260504202,55.46218487394958,57.98319327731093,45.79831932773109,54.0546218487395,仮説生成用（因果関係を示さず、交絡調整・研究デザイン検討が必要）
56,被災学校種,特中,被災学校種「特中」と歯牙障害の関連（歯牙障害で多い）,歯牙障害で多い,13,26,39,0.82122552116235,0.426299393343171,0.394926127819179,1.9340764331210192,0.9915780222322373,3.7724229110415144,0.9516448100710837,0.07067678845739434,0.14755329520052501,74.78991596638656,42.016806722689076,52.94117647058824,18.907563025210084,52.752100840336134,仮説生成用（因果関係を示さず、交絡調整・研究デザイン検討が必要）
57,競技種目,卓球,競技種目「卓球」と歯牙障害の関連（歯牙障害で少ない）,歯牙障害で少ない,4,35,39,0.2526847757422615,0.573864567961961,-0.32117979221969944,0.43890346512259115,0.15575948628537645,1.2367545392623918,1.1880244346341118,0.16155149719810524,0.29128224494809885,84.87394957983193,33.61344537815126,45.79831932773109,18.907563025210084,52.39495798319327,仮説生成用（因果関係を示さず、交絡調整・研究デザイン検討が必要）
58,給付年度,17,給付年度「17」と歯牙障害の関連（歯牙障害で多い）,歯牙障害で多い,106,333,439,6.696146557169931,5.459911460895229,1.2362350962747026,1.2426698872196502,0.9913681667984703,1.5576740310206225,0.31344309822205435,0.06806507870607949,0.14580250003309134,31.092436974789916,66.38655462184873,54.20168067226891,70.58823529411765,51.61764705882352,仮説生成用（因果関係を示さず、交絡調整・研究デザイン検討が必要）
59,給付年度,23,給付年度「23」と歯牙障害の関連（歯牙障害で多い）,歯牙障害で多い,93,288,381,5.8749210360075805,4.722085587801279,1.152835448206302,1.259375,0.9900705909078262,1.6019316250679907,0.3327079336406049,0.06861294119204298,0.14580250003309134,36.134453781512605,63.86554621848739,54.20168067226891,62.18487394957983,51.491596638655466,仮説生成用（因果関係を示さず、交絡調整・研究デザイン検討が必要）
60,場合別2,遠足,場合別2「遠足」と歯牙障害の関連（歯牙障害で多い）,歯牙障害で多い,11,22,33,0.6948831332912192,0.3607148712903755,0.3341682620008437,1.9328880407124682,0.9353032375478462,3.9944865236694564,0.9507580742864532,0.08291515696826485,0.1701190289521296,73.94957983193278,35.294117647058826,52.10084033613446,13.865546218487395,49.8109243697479,仮説生成用（因果関係を示さず、交絡調整・研究デザイン検討が必要）
61,被災学校種,特小,被災学校種「特小」と歯牙障害の関連（歯牙障害で多い）,歯牙障害で多い,10,19,29,0.6317119393556538,0.3115264797507788,0.32018545960487504,2.0343293070565798,0.9440529284632247,4.383753923931096,1.024553234359038,0.10270357800009375,0.20714789461035857,78.15126050420169,32.773109243697476,51.26050420168067,8.823529411764707,49.68487394957983,仮説生成用（因果関係を示さず、交絡調整・研究デザイン検討が必要）
62,場合別2,その他,場合別2「その他」と歯牙障害の関連（歯牙障害で少ない）,歯牙障害で少ない,8,54,62,0.505369551484523,0.8853910477127398,-0.3800214962282168,0.5686067019400353,0.27004760488852386,1.1972466174050629,0.8144969913016238,0.1560272652798888,0.29011319637979327,66.38655462184873,40.33613445378151,47.05882352941176,28.57142857142857,49.369747899159655,仮説生成用（因果関係を示さず、交絡調整・研究デザイン検討が必要）
63,発生場所2,プール,発生場所2「プール」と歯牙障害の関連（歯牙障害で少ない）,歯牙障害で少ない,16,92,108,1.010739102969046,1.5084440072142975,-0.4977049042452515,0.6666851641186426,0.3909239649335546,1.136970735809067,0.5849224720031233,0.15068894179276765,0.28463466783078334,56.30252100840336,46.21848739495798,47.89915966386555,39.49579831932773,49.15966386554622,仮説生成用（因果関係を示さず、交絡調整・研究デザイン検討が必要）
64,給付年度,1,給付年度「1」と歯牙障害の関連（歯牙障害で少ない）,歯牙障害で少ない,63,300,363,3.9797852179406195,4.918839153959666,-0.9390539360190462,0.8011776315789474,0.607069153845571,1.057351692597673,0.3198059523945203,0.12618943871796534,0.24617283946619467,35.294117647058826,58.82352941176471,49.57983193277311,57.98319327731093,48.15126050420169,仮説生成用（因果関係を示さず、交絡調整・研究デザイン検討が必要）
65,競技種目,鉄棒運動,競技種目「鉄棒運動」と歯牙障害の関連（歯牙障害で少ない）,歯牙障害で少ない,4,31,35,0.2526847757422615,0.5082800459091654,-0.2555952701669039,0.49586304112443563,0.17477868082098874,1.4068086244741047,1.0119863960000788,0.21294995614598677,0.36726151857061484,77.31092436974791,29.411764705882355,42.857142857142854,16.386554621848738,47.58403361344538,仮説生成用（因果関係を示さず、交絡調整・研究デザイン検討が必要）
66,場合別2,体育的クラブ活動,場合別2「体育的クラブ活動」と歯牙障害の関連（歯牙障害で多い）,歯牙障害で多い,7,13,20,0.4421983575489577,0.2131496966715855,0.2290486608773722,2.079363529871144,0.8282264362094623,5.220495869640035,1.0561420029747315,0.15954205639274738,0.29128224494809885,79.83193277310924,27.73109243697479,45.79831932773109,0.8403361344537815,46.44957983193277,仮説生成用（因果関係を示さず、交絡調整・研究デザイン検討が必要）
67,場合別1,特別活動（除学校行事）,場合別1「特別活動（除学校行事）」と歯牙障害の関連（歯牙障害で少ない）,歯牙障害で少ない,64,301,365,4.042956411876184,4.935235284472864,-0.8922788725966804,0.8115848204033516,0.6160605787258894,1.06916420796048,0.3011862132003886,0.144826359610798,0.277973174091693,30.252100840336134,57.98319327731093,48.739495798319325,58.82352941176471,46.09243697478992,仮説生成用（因果関係を示さず、交絡調整・研究デザイン検討が必要）
68,給付年度,20,給付年度「20」と歯牙障害の関連（歯牙障害で多い）,歯牙障害で多い,107,358,465,6.759317751105495,5.8698147237252005,0.8895030273802949,1.1625240344582217,0.9297852681012491,1.4535206967226901,0.21726054334776473,0.19310563377915818,0.33872946672348964,23.52941176470588,57.14285714285714,44.11764705882353,73.10924369747899,44.516806722689076,仮説生成用（因果関係を示さず、交絡調整・研究デザイン検討が必要）
69,場合別2,文化的行事,場合別2「文化的行事」と歯牙障害の関連（歯牙障害で少ない）,歯牙障害で少ない,3,24,27,0.18951358180669614,0.3935071323167732,-0.20399355051007706,0.48061708860759494,0.14453840992531877,1.598141186007179,1.0570401496839597,0.33826175928554636,0.5183279744203836,80.67226890756302,24.369747899159663,36.134453781512605,7.142857142857142,44.43277310924369,仮説生成用（因果関係を示さず、交絡調整・研究デザイン検討が必要）
70,給付年度,18,給付年度「18」と歯牙障害の関連（歯牙障害で多い）,歯牙障害で多い,115,391,506,7.264687302590018,6.410887030660764,0.8538002719292539,1.1436127584548805,0.9217390969552114,1.418894072759866,0.19359862026957356,0.2323266645066956,0.39495532966138247,22.689075630252102,56.30252100840336,42.016806722689076,78.15126050420169,44.24369747899159,仮説生成用（因果関係を示さず、交絡調整・研究デザイン検討が必要）
71,競技種目,球技（その他）,競技種目「球技（その他）」と歯牙障害の関連（歯牙障害で多い）,歯牙障害で多い,13,32,45,0.82122552116235,0.5246761764223643,0.29654934473998573,1.5698845541401274,0.8219956740694956,2.9982365979208097,0.6506584703950193,0.19355969527056552,0.33872946672348964,59.66386554621849,31.932773109243694,44.11764705882353,21.84873949579832,43.17226890756303,仮説生成用（因果関係を示さず、交絡調整・研究デザイン検討が必要）
72,発生場所2,体育館・屋内運動場,発生場所2「体育館・屋内運動場」と歯牙障害の関連（歯牙障害で少ない）,歯牙障害で少ない,245,1007,1252,15.476942514213517,16.510903426791277,-1.0339609125777596,0.9259102574949939,0.7953029397613376,1.0779663472534327,0.11105572574431717,0.33974438659487327,0.5183279744203836,15.126050420168067,61.34453781512605,36.134453781512605,84.87394957983193,42.39495798319328,仮説生成用（因果関係を示さず、交絡調整・研究デザイン検討が必要）
73,給付年度,2,給付年度「2」と歯牙障害の関連（歯牙障害で少ない）,歯牙障害で少ない,72,321,393,4.548325963360708,5.263157894736842,-0.7148319313761338,0.8577101257445401,0.6601605017031651,1.1143754555244512,0.2214379422802043,0.27636760701995305,0.46320767937147056,25.210084033613445,53.78151260504202,41.17647058823529,63.86554621848739,42.14285714285714,仮説生成用（因果関係を示さず、交絡調整・研究デザイン検討が必要）
74,競技種目,テニス（含ソフトテニス）,競技種目「テニス（含ソフトテニス）」と歯牙障害の関連（歯牙障害で少ない）,歯牙障害で少ない,18,93,111,1.137081490840177,1.5248401377274963,-0.3877586468873193,0.742780583324745,0.44703500083602665,1.2341829922320142,0.42899199192855,0.28781920206769634,0.4691847266582995,44.537815126050425,41.17647058823529,39.91596638655462,40.33613445378151,41.911764705882355,仮説生成用（因果関係を示さず、交絡調整・研究デザイン検討が必要）
75,場合別2,その他健康安全・体育的行事,場合別2「その他健康安全・体育的行事」と歯牙障害の関連（歯牙障害で少ない）,歯牙障害で少ない,3,23,26,0.18951358180669614,0.3771110018035744,-0.18759741999687823,0.5015960374243258,0.15041181163998663,1.6727315628774644,0.9954021438982386,0.3348303452226324,0.5183279744203836,75.63025210084034,21.84873949579832,36.134453781512605,5.88235294117647,41.84873949579832,仮説生成用（因果関係を示さず、交絡調整・研究デザイン検討が必要）
76,給付年度,22,給付年度「22」と歯牙障害の関連（歯牙障害で多い）,歯牙障害で多い,105,362,467,6.632975363234365,5.9353992457779965,0.6975761174563688,1.1258775110459858,0.8993461585342004,1.4094685987708029,0.1710498790887352,0.3154938554642851,0.5005835840033324,20.168067226890756,52.10084033613446,38.23529411764706,73.94957983193278,40.73529411764706,仮説生成用（因果関係を示さず、交絡調整・研究デザイン検討が必要）
77,場合別2,文化的部活動,場合別2「文化的部活動」と歯牙障害の関連（歯牙障害で少ない）,歯牙障害で少ない,7,41,48,0.4421983575489577,0.6722413510411542,-0.23004299349219653,0.6562770830753993,0.29386187204783815,1.4656532566424283,0.6076230392214833,0.3723339864585614,0.5608575239059342,57.14285714285714,28.57142857142857,34.45378151260504,24.369747899159663,39.41176470588235,仮説生成用（因果関係を示さず、交絡調整・研究デザイン検討が必要）
78,競技種目,短距離走,競技種目「短距離走」と歯牙障害の関連（歯牙障害で少ない）,歯牙障害で少ない,5,32,37,0.3158559696778269,0.5246761764223643,-0.20882020674453738,0.6007406527249683,0.2336918917536016,1.5442954786678391,0.7351857990931796,0.41357691961084714,0.6076006596751952,63.02521008403361,25.210084033613445,32.773109243697476,17.647058823529413,39.2016806722689,仮説生成用（因果関係を示さず、交絡調整・研究デザイン検討が必要）
79,発生場所2,山林野（含スキー場）,発生場所2「山林野（含スキー場）」と歯牙障害の関連（歯牙障害で多い）,歯牙障害で多い,17,49,66,1.0739102969046115,0.8034103951467454,0.2704999017578661,1.3403445669455523,0.7698433994616719,2.3336220839156567,0.42260392689340986,0.2871110961611449,0.4691847266582995,43.69747899159664,31.092436974789916,39.91596638655462,29.411764705882355,37.457983193277315,仮説生成用（因果関係を示さず、交絡調整・研究デザイン検討が必要）
80,場合別2,自立活動,場合別2「自立活動」と歯牙障害の関連（歯牙障害で多い）,歯牙障害で多い,7,17,24,0.4421983575489577,0.27873421872438103,0.16346413882457667,1.5890564347566438,0.657825756564002,3.8385550088989566,0.6681703623816863,0.31157701137549193,0.5005835840033324,62.18487394957983,20.168067226890756,38.23529411764706,4.621848739495799,37.05882352941177,仮説生成用（因果関係を示さず、交絡調整・研究デザイン検討が必要）
81,給付年度,21,給付年度「21」と歯牙障害の関連（歯牙障害で多い）,歯牙障害で多い,102,361,463,6.4434617814276685,5.919003115264798,0.5244586661628707,1.0947084118127866,0.8723214958079728,1.3737899531911553,0.1305466425641413,0.4410587283471319,0.6307668615170676,16.80672268907563,48.739495798319325,30.672268907563026,72.26890756302521,36.57563025210084,仮説生成用（因果関係を示さず、交絡調整・研究デザイン検討が必要）
82,被災学年,1,被災学年「1」と歯牙障害の関連（歯牙障害で多い）,歯牙障害で多い,466,1752,2218,29.437776373973467,28.726020659124448,0.7117557148490192,1.0351142370096025,0.9166985877676702,1.1688263710203561,0.04978999484787742,0.5754874801598029,0.7443805449893103,7.563025210084033,52.94117647058824,23.949579831932773,91.59663865546219,35.60924369747899,仮説生成用（因果関係を示さず、交絡調整・研究デザイン検討が必要）
83,給付年度,25,給付年度「25」と歯牙障害の関連（歯牙障害で少ない）,歯牙障害で少ない,72,308,380,4.548325963360708,5.050008198065257,-0.5016822347045489,0.8959234015488152,0.6889106269704994,1.165142051840016,0.158552702927664,0.4355705516421869,0.6307668615170676,18.487394957983195,47.05882352941176,30.672268907563026,61.34453781512605,35.10504201680672,仮説生成用（因果関係を示さず、交絡調整・研究デザイン検討が必要）
84,場合別2,総合的な学習の時間,場合別2「総合的な学習の時間」と歯牙障害の関連（歯牙障害で少ない）,歯牙障害で少ない,7,39,46,0.4421983575489577,0.6394490900147565,-0.19725073246579877,0.6901600937133932,0.30811277546346055,1.5459305581795553,0.5349970379007073,0.4653051600117768,0.6380298903781481,52.94117647058824,23.52941176470588,28.15126050420168,23.10924369747899,34.91596638655462,仮説生成用（因果関係を示さず、交絡調整・研究デザイン検討が必要）
85,競技種目,走り高跳び,競技種目「走り高跳び」と歯牙障害の関連（歯牙障害で少ない）,歯牙障害で少ない,5,30,35,0.3158559696778269,0.49188391539596654,-0.17602794571813962,0.6410012674271229,0.24830129526169922,1.6547743917732076,0.6416008854551756,0.5283788377087216,0.7064840639026727,58.82352941176471,21.008403361344538,26.05042016806723,16.386554621848738,34.810924369747895,仮説生成用（因果関係を示さず、交絡調整・研究デザイン検討が必要）
86,給付年度,29,給付年度「29」と歯牙障害の関連（歯牙障害で少ない）,歯牙障害で少ない,76,322,398,4.801010739102969,5.279554025250041,-0.4785432861470724,0.9047880079298677,0.7002211762187699,1.1691182259217057,0.14434828692872986,0.48396921747063293,0.6544583736250604,17.647058823529413,45.378151260504204,26.89075630252101,64.70588235294117,33.94957983193277,仮説生成用（因果関係を示さず、交絡調整・研究デザイン検討が必要）
87,発生場所2,学校外体育館,発生場所2「学校外体育館」と歯牙障害の関連（歯牙障害で多い）,歯牙障害で多い,40,133,173,2.5268477574226154,2.1806853582554515,0.34616239916716385,1.162855291176743,0.8130414094487672,1.6631778068161938,0.21767157515065036,0.39343703498835897,0.5852375895451839,24.369747899159663,36.134453781512605,33.61344537815126,47.89915966386555,33.15126050420168,仮説生成用（因果関係を示さず、交絡調整・研究デザイン検討が必要）
88,遊具等,鉄棒,遊具等「鉄棒」と歯牙障害の関連（歯牙障害で少ない）,歯牙障害で少ない,12,60,72,0.7580543272267846,0.9837678307919331,-0.22571350356514852,0.7688096753660089,0.41263200515997295,1.4324344925867716,0.37930160253906287,0.4664588274193183,0.6380298903781481,42.016806722689076,26.89075630252101,28.15126050420168,31.092436974789916,33.13025210084034,仮説生成用（因果関係を示さず、交絡調整・研究デザイン検討が必要）
89,給付年度,26,給付年度「26」と歯牙障害の関連（歯牙障害で多い）,歯牙障害で多い,89,320,409,5.622236260265319,5.246761764223643,0.3754744960416758,1.0758262215528782,0.8448614518110128,1.369931195818888,0.10544505786540101,0.571733129747467,0.7443805449893103,13.445378151260504,39.49579831932773,23.949579831932773,66.38655462184873,30.52521008403361,仮説生成用（因果関係を示さず、交絡調整・研究デザイン検討が必要）
90,給付年度,24,給付年度「24」と歯牙障害の関連（歯牙障害で少ない）,歯牙障害で少ない,80,331,411,5.053695514845231,5.427119199868831,-0.37342368502360035,0.927530638622051,0.7218596726447417,1.1918010081247838,0.10853315659539742,0.6160183940245896,0.7798530732864485,14.285714285714285,38.655462184873954,21.84873949579832,67.22689075630252,30.210084033613448,仮説生成用（因果関係を示さず、交絡調整・研究デザイン検討が必要）
91,発生場所2,運動場・校庭（園庭）,発生場所2「運動場・校庭（園庭）」と歯牙障害の関連（歯牙障害で多い）,歯牙障害で多い,567,2159,2726,35.818066961465576,35.39924577799639,0.4188211834691842,1.0184340956917208,0.9074597190137458,1.142979666794116,0.026352624491296384,0.7681847278431102,0.8789806020512512,4.201680672268908,42.857142857142854,13.865546218487395,94.11764705882352,29.76890756302521,仮説生成用（因果関係を示さず、交絡調整・研究デザイン検討が必要）
92,発生場所2,廊下,発生場所2「廊下」と歯牙障害の関連（歯牙障害で少ない）,歯牙障害で少ない,96,392,488,6.0644346178142765,6.427283161173963,-0.36284854335968664,0.939900909926849,0.7465018588906142,1.1834045822661061,0.08941942777002031,0.6436655689407678,0.7896515742675398,11.76470588235294,37.81512605042017,19.747899159663866,74.78991596638656,29.726890756302524,仮説生成用（因果関係を示さず、交絡調整・研究デザイン検討が必要）
93,給付年度,27,給付年度「27」と歯牙障害の関連（歯牙障害で多い）,歯牙障害で多い,93,338,431,5.8749210360075805,5.541892113461223,0.3330289225463572,1.063843771097256,0.8398080390481588,1.3476455531256586,0.08928630195555301,0.6238629208128466,0.781470395544513,10.92436974789916,34.45378151260504,21.008403361344538,68.90756302521008,28.02521008403361,仮説生成用（因果関係を示さず、交絡調整・研究デザイン検討が必要）
94,場合別1,寄宿舎にあるとき,場合別1「寄宿舎にあるとき」と歯牙障害の関連（歯牙障害で多い）,歯牙障害で多い,6,17,23,0.3790271636133923,0.27873421872438103,0.10029294488901125,1.3611846767876459,0.5357900084420169,3.458115483917241,0.44486281571110425,0.45054775822647686,0.6307668615170676,47.47899159663865,13.025210084033615,30.672268907563026,2.941176470588235,27.98319327731092,仮説生成用（因果関係を示さず、交絡調整・研究デザイン検討が必要）
95,競技種目,ドッジボール,競技種目「ドッジボール」と歯牙障害の関連（歯牙障害で多い）,歯牙障害で多い,6,17,23,0.3790271636133923,0.27873421872438103,0.10029294488901125,1.3611846767876459,0.5357900084420169,3.458115483917241,0.44486281571110425,0.45054775822647686,0.6307668615170676,47.47899159663865,13.025210084033615,30.672268907563026,2.941176470588235,27.98319327731092,仮説生成用（因果関係を示さず、交絡調整・研究デザイン検討が必要）
96,遊具等,その他,遊具等「その他」と歯牙障害の関連（歯牙障害で少ない）,歯牙障害で少ない,5,26,31,0.3158559696778269,0.426299393343171,-0.1104434236653441,0.7401043190016574,0.28374410395716987,1.9304521058438933,0.4341994594171153,0.6600551750785628,0.8004296695386668,46.21848739495798,15.126050420168067,17.647058823529413,12.184873949579831,26.197478991596636,仮説生成用（因果関係を示さず、交絡調整・研究デザイン検討が必要）
97,給付年度,4,給付年度「4」と歯牙障害の関連（歯牙障害で少ない）,歯牙障害で少ない,50,209,259,3.1585596967782688,3.4267912772585665,-0.2682315804802977,0.9191721520488644,0.6717134802681943,1.2577943869234356,0.12159300524711253,0.6396595235057052,0.7896515742675398,15.966386554621847,30.252100840336134,19.747899159663866,52.10084033613446,25.903361344537814,仮説生成用（因果関係を示さず、交絡調整・研究デザイン検討が必要）
98,被災学校種,高専,被災学校種「高専」と歯牙障害の関連（歯牙障害で多い）,歯牙障害で多い,10,31,41,0.6317119393556538,0.5082800459091654,0.12343189344648842,1.2443861124213031,0.6087724425220883,2.5436381291697834,0.3154341993318341,0.5612389481075737,0.7420826091644586,32.773109243697476,16.80672268907563,25.210084033613445,20.588235294117645,25.063025210084028,仮説生成用（因果関係を示さず、交絡調整・研究デザイン検討が必要）
99,場合別2,競技大会・球技大会,場合別2「競技大会・球技大会」と歯牙障害の関連（歯牙障害で少ない）,歯牙障害で少ない,14,63,77,0.8843967150979154,1.0329562223315296,-0.14855950723361422,0.8548969619715318,0.4778063418994983,1.529592120277636,0.22617754788372665,0.672629974402241,0.8004296695386668,26.89075630252101,19.327731092436977,17.647058823529413,31.932773109243694,23.445378151260506,仮説生成用（因果関係を示さず、交絡調整・研究デザイン検討が必要）
100,場合別2,運動会・体育祭,場合別2「運動会・体育祭」と歯牙障害の関連（歯牙障害で多い）,歯牙障害で多い,20,68,88,1.2634238787113077,1.1149368748975241,0.14848700381378355,1.1348838959768168,0.6871959489857763,1.8742273717538704,0.18254471049738585,0.5972972554375897,0.7642835849147653,21.84873949579832,18.487394957983195,22.689075630252102,34.87394957983193,23.172268907563023,仮説生成用（因果関係を示さず、交絡調整・研究デザイン検討が必要）
101,発生場所1,学校内・校舎外（園内・園舎外）,発生場所1「学校内・校舎外（園内・園舎外）」と歯牙障害の関連（歯牙障害で少ない）,歯牙障害で少ない,602,2331,2933,38.02905874921036,38.2193802262666,-0.19032147705624425,0.9919644415057259,0.8852086621150317,1.1115949214287038,0.011639688975619702,0.9075635160306132,0.9490160944749813,1.680672268907563,22.689075630252102,5.46218487394958,96.63865546218487,22.121848739495796,仮説生成用（因果関係を示さず、交絡調整・研究デザイン検討が必要）
102,発生場所2,便所,発生場所2「便所」と歯牙障害の関連（歯牙障害で少ない）,歯牙障害で少ない,9,42,51,0.5685407454200885,0.6886374815543532,-0.12009673613426475,0.8246051915048103,0.40054818573611717,1.6976077936966476,0.2782245507913049,0.728997060020524,0.8552579696644445,29.411764705882355,15.966386554621847,15.546218487394958,25.210084033613445,21.953781512605044,仮説生成用（因果関係を示さず、交絡調整・研究デザイン検討が必要）
103,競技種目,剣道,競技種目「剣道」と歯牙障害の関連（歯牙障害で少ない）,歯牙障害で少ない,5,25,30,0.3158559696778269,0.40990326282997214,-0.09404729315214522,0.7698352344740177,0.294235605437476,2.014189572184869,0.37737839173336124,0.8208112283051046,0.899157319254377,41.17647058823529,11.76470588235294,10.504201680672269,10.504201680672269,21.55462184873949,仮説生成用（因果関係を示さず、交絡調整・研究デザイン検討が必要）
104,場合別2,授業終了後の特定時間中,場合別2「授業終了後の特定時間中」と歯牙障害の関連（歯牙障害で少ない）,歯牙障害で少ない,56,229,285,3.5375868603916616,3.754713887522545,-0.2171270271308834,0.9400514179985873,0.6981040448181692,1.2658523826650017,0.08918842483877681,0.7652715129759449,0.8789806020512512,10.084033613445378,26.05042016806723,13.865546218487395,52.94117647058824,21.449579831932773,仮説生成用（因果関係を示さず、交絡調整・研究デザイン検討が必要）
105,競技種目,体操（その他）,競技種目「体操（その他）」と歯牙障害の関連（歯牙障害で少ない）,歯牙障害で少ない,4,20,24,0.2526847757422615,0.3279226102639777,-0.07523783452171617,0.7699810006333122,0.26280258070688295,2.2559547921545544,0.37710524730095807,0.8027352127868521,0.899157319254377,40.33613445378151,8.403361344537815,10.504201680672269,4.621848739495799,19.53781512605042,仮説生成用（因果関係を示さず、交絡調整・研究デザイン検討が必要）
106,競技種目,陸上競技（その他）,競技種目「陸上競技（その他）」と歯牙障害の関連（歯牙障害で多い）,歯牙障害で多い,8,26,34,0.505369551484523,0.426299393343171,0.07907015814135199,1.1864224664224665,0.5361031437596957,2.6256109206158924,0.2466178224343398,0.6713255796648725,0.8004296695386668,28.57142857142857,10.084033613445378,17.647058823529413,15.126050420168067,19.201680672268907,仮説生成用（因果関係を示さず、交絡調整・研究デザイン検討が必要）
107,遊具等,すべり台,遊具等「すべり台」と歯牙障害の関連（歯牙障害で少ない）,歯牙障害で少ない,5,24,29,0.3158559696778269,0.3935071323167732,-0.07765116263894628,0.8020437262357415,0.30552901204725597,2.1054437170589164,0.31824720246674665,0.819442834788541,0.899157319254377,34.45378151260504,9.243697478991598,10.504201680672269,8.823529411764707,18.319327731092436,仮説生成用（因果関係を示さず、交絡調整・研究デザイン検討が必要）
108,発生場所2,公園・遊園地,発生場所2「公園・遊園地」と歯牙障害の関連（歯牙障害で多い）,歯牙障害で多い,12,41,53,0.7580543272267846,0.6722413510411542,0.08581297618563033,1.1286270978559563,0.5917423144235929,2.152624706677511,0.17456889360424854,0.7330782597123809,0.8552579696644445,21.008403361344538,10.92436974789916,15.546218487394958,26.05042016806723,17.878151260504204,仮説生成用（因果関係を示さず、交絡調整・研究デザイン検討が必要）
109,場合別1,学校行事,場合別1「学校行事」と歯牙障害の関連（歯牙障害で多い）,歯牙障害で多い,79,296,375,4.990524320909665,4.85325463190687,0.13726968900279513,1.0297697131972399,0.7983027218845686,1.3283503026457912,0.04232174442387038,0.8443017041061053,0.9051522773750137,6.722689075630252,17.647058823529413,7.563025210084033,59.66386554621849,17.605042016806724,仮説生成用（因果関係を示さず、交絡調整・研究デザイン検討が必要）
110,通学方法,徒歩,通学方法「徒歩」と歯牙障害の関連（歯牙障害で多い）,歯牙障害で多い,43,159,202,2.7163613392293113,2.6069847515986226,0.10937658763068869,1.0431266846361187,0.74133251043449,1.467780334579155,0.060914379523607134,0.7917566275120935,0.8973241778470393,9.243697478991598,14.285714285714285,12.605042016806722,49.57983193277311,17.39495798319328,仮説生成用（因果関係を示さず、交絡調整・研究デザイン検討が必要）
111,競技種目,準備・整理運動,競技種目「準備・整理運動」と歯牙障害の関連（歯牙障害で少ない）,歯牙障害で少ない,6,27,33,0.3790271636133923,0.4426955238563699,-0.06366836024297762,0.8556330585499894,0.3526553809399778,2.0759868428272044,0.2249358708173564,0.8324967752034671,0.9006101477201145,26.05042016806723,7.563025210084033,8.403361344537815,13.865546218487395,15.189075630252102,仮説生成用（因果関係を示さず、交絡調整・研究デザイン検討が必要）
112,場合別2,その他学級活動,場合別2「その他学級活動」と歯牙障害の関連（歯牙障害で多い）,歯牙障害で多い,7,24,31,0.4421983575489577,0.3935071323167732,0.0486912252321845,1.1242861675126903,0.48354299943387147,2.6140785575228627,0.16900929526057717,0.8235978806615722,0.899157319254377,19.327731092436977,5.88235294117647,10.504201680672269,12.184873949579831,12.689075630252102,仮説生成用（因果関係を示さず、交絡調整・研究デザイン検討が必要）
113,場合別2,その他集団宿泊的行事,場合別2「その他集団宿泊的行事」と歯牙障害の関連（歯牙障害で多い）,歯牙障害で多い,12,43,55,0.7580543272267846,0.7050336120675521,0.05302071515923246,1.0757775376371146,0.5659447413223695,2.044894538255568,0.1053797707105936,0.8669497995205375,0.9211341619905712,12.605042016806722,6.722689075630252,6.722689075630252,27.310924369747898,11.869747899159663,仮説生成用（因果関係を示さず、交絡調整・研究デザイン検討が必要）
114,給付年度,28,給付年度「28」と歯牙障害の関連（歯牙障害で多い）,歯牙障害で多い,80,308,388,5.053695514845231,5.050008198065257,0.003687316779974026,1.0007690247211205,0.7775216860880878,1.2881166644756392,0.0011090417658504,1.0,1.0,0.8403361344537815,0.8403361344537815,2.5210084033613445,63.02521008403361,10.588235294117645,仮説生成用（因果関係を示さず、交絡調整・研究デザイン検討が必要）
115,場合別2,日常の清掃,場合別2「日常の清掃」と歯牙障害の関連（歯牙障害で少ない）,歯牙障害で少ない,26,103,129,1.6424510423247,1.688801442859485,-0.04635040053478501,0.9720959525101172,0.6299759269965177,1.5000105565808,0.04082937017330364,1.0,1.0,5.88235294117647,5.042016806722689,2.5210084033613445,42.857142857142854,10.3781512605042,仮説生成用（因果関係を示さず、交絡調整・研究デザイン検討が必要）
116,発生場所2,階段,発生場所2「階段」と歯牙障害の関連（歯牙障害で多い）,歯牙障害で多い,25,94,119,1.5792798483891344,1.5412362682406953,0.038043580148439116,1.0250798896566793,0.6571822561902076,1.5989305406237582,0.035736350628414536,0.9091414686567048,0.9490160944749813,5.042016806722689,4.201680672268908,5.46218487394958,41.17647058823529,10.357142857142856,仮説生成用（因果関係を示さず、交絡調整・研究デザイン検討が必要）
117,競技種目,その他,競技種目「その他」と歯牙障害の関連（歯牙障害で少ない）,歯牙障害で少ない,26,101,127,1.6424510423247,1.6560091818330873,-0.013558139508387246,0.9916760462173385,0.6421188055259206,1.5315255871314841,0.012059186820999308,1.0,1.0,2.5210084033613445,1.680672268907563,2.5210084033613445,42.016806722689076,8.235294117647058,仮説生成用（因果関係を示さず、交絡調整・研究デザイン検討が必要）
118,競技種目,ハンドボール,競技種目「ハンドボール」と歯牙障害の関連（歯牙障害で多い）,歯牙障害で多い,14,53,67,0.8843967150979154,0.868994917199541,0.01540179789837437,1.0178818379691428,0.5633489014712781,1.8391505394996568,0.025570094154014688,1.0,1.0,3.361344537815126,3.361344537815126,2.5210084033613445,30.252100840336134,7.184873949579831,仮説生成用（因果関係を示さず、交絡調整・研究デザイン検討が必要）
119,場合別2,修学旅行,場合別2「修学旅行」と歯牙障害の関連（歯牙障害で少ない）,歯牙障害で少ない,6,24,30,0.3790271636133923,0.3935071323167732,-0.014479968703380919,0.9630627774254914,0.3929930038496298,2.360067238289528,0.0542982514100047,1.0,1.0,8.403361344537815,2.5210084033613445,2.5210084033613445,10.504201680672269,5.777310924369747,仮説生成用（因果関係を示さず、交絡調整・研究デザイン検討が必要）
