列名,カテゴリ,歯牙_当該,非歯牙_当該,歯牙_その他,非歯牙_その他,Fisherオッズ比,p値
和暦,令和,270,1374,1313,4725,0.7071541887141352,1.6955151302932269e-06
和暦,平成,1313,4725,270,1374,1.4141187536743092,1.6955151302932269e-06
給付年度,1,63,300,1520,5799,0.8011776315789474,0.12618943871796534
給付年度,17,106,333,1477,5766,1.2426698872196502,0.06806507870607949
給付年度,18,115,391,1468,5708,1.1436127584548805,0.2323266645066956
給付年度,19,127,370,1456,5729,1.3505772943272942,0.00586455845392439
給付年度,2,72,321,1511,5778,0.8577101257445401,0.27636760701995305
給付年度,20,107,358,1476,5741,1.1625240344582217,0.19310563377915818
給付年度,21,102,361,1481,5738,1.0947084118127866,0.4410587283471319
給付年度,22,105,362,1478,5737,1.1258775110459858,0.3154938554642851
給付年度,23,93,288,1490,5811,1.259375,0.06861294119204298
給付年度,24,80,331,1503,5768,0.927530638622051,0.6160183940245896
給付年度,25,72,308,1511,5791,0.8959234015488152,0.4355705516421869
給付年度,26,89,320,1494,5779,1.0758262215528782,0.571733129747467
給付年度,27,93,338,1490,5761,1.063843771097256,0.6238629208128466
給付年度,28,80,308,1503,5791,1.0007690247211205,1.0
給付年度,29,76,322,1507,5777,0.9047880079298677,0.48396921747063293
給付年度,3,43,278,1540,5821,0.5846561711669626,0.0008820050976269346
給付年度,30,68,335,1515,5764,0.772281168415349,0.05776651379617449
給付年度,4,50,209,1533,5890,0.9191721520488644,0.6396595235057052
給付年度,5,42,266,1541,5833,0.5976638546398443,0.0015221188102258654
被災学校種,中,386,1839,1197,4260,0.7470007263945617,5.539407156572349e-06
被災学校種,保,0,250,1583,5849,0.0,4.6814725021292545e-26
被災学校種,小,245,1686,1338,4413,0.47927671299916486,5.232963928684369e-25
被災学校種,幼,2,117,1581,5982,0.06467831135762825,7.314305955515474e-10
被災学校種,幼連,0,13,1583,6086,0.0,0.08397641364928357
被災学校種,特中,13,26,1570,6073,1.9340764331210192,0.07067678845739434
被災学校種,特小,10,19,1573,6080,2.0343293070565798,0.10270357800009375
被災学校種,特高,31,56,1552,6043,2.1554330817378498,0.0011738269196481348
被災学校種,高,886,2062,697,4037,2.488691315280814,2.5935197042593387e-57
被災学校種,高専,10,31,1573,6068,1.2443861124213031,0.5612389481075737
被災学年,0,0,4,1583,6095,0.0,0.5873848223447302
被災学年,1,466,1752,1117,4347,1.0351142370096025,0.5754874801598029
被災学年,2,548,1891,1035,4208,1.1782146296849811,0.006385397848674035
被災学年,3,403,1299,1180,4800,1.2619877089286413,0.0004650775020515675
被災学年,4,54,366,1529,5733,0.5532063172115065,2.9769846312435374e-05
被災学年,5,58,403,1525,5696,0.5375552210877436,4.430035830117429e-06
被災学年,6,54,384,1529,5715,0.5256192773054283,4.519305719221978e-06
性別,女,392,1807,1191,4292,0.7817643579381796,0.0001232997727073342
性別,男,1191,4292,392,1807,1.2791578304201456,0.0001232997727073342
場合別1,休憩時間,250,1394,1333,4705,0.6330043773497176,4.4066191533683865e-10
場合別1,保育中,2,378,1581,5721,0.019146009658343625,7.140422725422864e-36
場合別1,各教科等,233,1226,1350,4873,0.6860062836082412,8.032428321998493e-07
場合別1,学校行事,79,296,1504,5803,1.0297697131972399,0.8443017041061053
場合別1,寄宿舎にあるとき,6,17,1577,6082,1.3611846767876459,0.45054775822647686
場合別1,特別活動（除学校行事）,64,301,1519,5798,0.8115848204033516,0.144826359610798
場合別1,課外指導,687,2159,896,3940,1.399240306358764,5.940714327555703e-09
場合別1,通学中,262,328,1321,5771,3.4896004505086684,2.2694125343693608e-42
場合別2,その他,8,54,1575,6045,0.5686067019400353,0.1560272652798888
場合別2,その他の教科,20,138,1563,5961,0.552727475034076,0.012568966449149647
場合別2,その他健康安全・体育的行事,3,23,1580,6076,0.5015960374243258,0.3348303452226324
場合別2,その他儀式的行事,3,5,1580,6094,2.3141772151898734,0.2165065100467164
場合別2,その他学級活動,7,24,1576,6075,1.1242861675126903,0.8235978806615722
場合別2,その他集団宿泊的行事,12,43,1571,6056,1.0757775376371146,0.8669497995205375
場合別2,下校（降園）中,135,184,1448,5915,2.997106203459044,2.993821076593778e-19
場合別2,休憩時間中,94,538,1489,5561,0.6525349464848792,0.0001412724227071783
場合別2,体育的クラブ活動,7,13,1576,6086,2.079363529871144,0.15954205639274738
場合別2,体育的部活動,674,2081,909,4018,1.4316401366229847,6.240279305550517e-10
場合別2,体育（保健体育）,192,895,1391,5204,0.8025800336561053,0.009569049207586472
場合別2,修学旅行,6,24,1577,6075,0.9630627774254914,1.0
場合別2,児童（生徒・学生）会活動,4,15,1579,6084,1.0274857504749841,1.0
場合別2,勤労生産・奉仕的行事,1,5,1582,6094,0.770417193426043,1.0
場合別2,図画工作（美術）,0,25,1583,6074,0.0,0.005076619951011338
場合別2,大掃除,4,9,1579,6090,1.7141650833861093,0.32106464738354784
場合別2,始業前の特定時間中,24,175,1559,5924,0.5211252634472647,0.0018117991760905061
場合別2,学級（ホームルーム）活動,11,77,1572,6022,0.5472555434387495,0.06306258303923926
場合別2,家庭（技術・家庭）,0,39,1583,6060,0.0,0.00020098145179167827
場合別2,工業,1,20,1582,6079,0.19213021491782553,0.1006513850560774
場合別2,授業終了後の特定時間中,56,229,1527,5870,0.9400514179985873,0.7652715129759449
場合別2,文化的クラブ活動,0,7,1583,6092,0.0,0.35722854213534566
場合別2,文化的行事,3,24,1580,6075,0.48061708860759494,0.33826175928554636
場合別2,文化的部活動,7,41,1576,6058,0.6562770830753993,0.3723339864585614
場合別2,日常の清掃,26,103,1557,5996,0.9720959525101172,1.0
場合別2,昼食時休憩時間中,76,452,1507,5647,0.6300567851501254,0.0001806315881491963
場合別2,林間学校,1,1,1582,6098,3.854614412136536,0.3696903075482427
場合別2,水泳指導,3,7,1580,6092,1.6524412296564195,0.4399068972147061
場合別2,理科,4,42,1579,6057,0.36533067945354203,0.04427431340840808
場合別2,登校（登園）中,117,132,1466,5967,3.6077297531936003,2.3199840641653678e-21
場合別2,競技大会・球技大会,14,63,1569,6036,0.8548969619715318,0.672629974402241
場合別2,給食指導,5,50,1578,6049,0.38333333333333336,0.030057689747120715
場合別2,総合的な学習の時間,7,39,1576,6060,0.6901600937133932,0.4653051600117768
場合別2,自立活動,7,17,1576,6082,1.5890564347566438,0.31157701137549193
場合別2,農業,2,7,1581,6092,1.1009306948585886,1.0
場合別2,通学（通園）に準ずるとき,10,12,1573,6087,3.2247298156389066,0.007569472996448287
場合別2,運動会・体育祭,20,68,1563,6031,1.1348838959768168,0.5972972554375897
場合別2,道徳,0,1,1583,6098,0.0,1.0
場合別2,遠足,11,22,1572,6077,1.9328880407124682,0.08291515696826485
場合別2,（欠損）,8,395,1575,5704,0.07334860357645168,2.2390747435383683e-30
競技種目,その他,26,101,1557,5998,0.9916760462173385,1.0
競技種目,サッカー・フットサル,77,423,1506,5676,0.6860689629190095,0.002422210950156962
競技種目,スキー,4,15,1579,6084,1.0274857504749841,1.0
競技種目,スケート,1,2,1582,6097,1.926991150442478,0.4996096100418797
競技種目,ソフトボール,75,138,1508,5961,2.1483248760235267,6.905050252460703e-07
競技種目,テニス（含ソフトテニス）,18,93,1565,6006,0.742780583324745,0.28781920206769634
競技種目,ドッジボール,6,17,1577,6082,1.3611846767876459,0.45054775822647686
競技種目,ハンドボール,14,53,1569,6046,1.0178818379691428,1.0
競技種目,バスケットボール,112,233,1471,5866,1.9168648229139618,1.246241520650917e-07
競技種目,バドミントン,12,125,1571,5974,0.3650566518141311,0.0002515547916919276
競技種目,バレーボール,43,115,1540,5984,1.4529192546583851,0.04623914526006141
競技種目,ホッケー,20,7,1563,6092,11.136093592907413,3.3980915521077897e-09
競技種目,ボクシング,1,11,1582,6088,0.34984484542006666,0.47950785987491473
競技種目,ポートボール,1,3,1582,6096,1.284450063211125,1.0
競技種目,マット運動,5,78,1578,6021,0.2445890611289851,0.0003267660832501759
競技種目,ヨット,0,2,1583,6097,0.0,1.0
競技種目,ラグビー,13,91,1570,6008,0.5466787989080982,0.03808488748135735
競技種目,レスリング,0,12,1583,6087,0.0,0.1433123132742679
競技種目,体操（その他）,4,20,1579,6079,0.7699810006333122,0.8027352127868521
競技種目,体操（組体操）,2,37,1581,6062,0.20725849188847292,0.015327456060501742
競技種目,剣道,5,25,1578,6074,0.7698352344740177,0.8208112283051046
競技種目,卓球,4,35,1579,6064,0.43890346512259115,0.16155149719810524
競技種目,器械体操・新体操（その他）,1,6,1582,6093,0.6419089759797725,1.0
競技種目,弓道,3,6,1580,6093,1.9281645569620254,0.4030653130225181
競技種目,投てき,0,18,1583,6081,0.0,0.034905264880280944
競技種目,持久走・長距離走,10,81,1573,6018,0.4723222905041087,0.025615254061427215
競技種目,柔道,13,129,1570,5970,0.3832024885202192,0.00032677261826411256
競技種目,武道等（その他）,0,3,1583,6096,0.0,1.0
競技種目,水泳,9,84,1574,6015,0.40944363768379016,0.0065191466246875395
競技種目,準備・整理運動,6,27,1577,6072,0.8556330585499894,0.8324967752034671
競技種目,準備運動等,0,1,1583,6098,0.0,1.0
競技種目,球技（その他）,13,32,1570,6067,1.5698845541401274,0.19355969527056552
競技種目,登山,1,1,1582,6098,3.854614412136536,0.3696903075482427
競技種目,相撲,1,9,1582,6090,0.4277286135693215,0.6981602726170697
競技種目,短距離走,5,32,1578,6067,0.6007406527249683,0.41357691961084714
競技種目,空手,3,9,1580,6090,1.2848101265822784,0.7209685622040696
競技種目,筋力トレーニング,2,9,1581,6090,0.8559983133038161,1.0
競技種目,縄跳び,0,7,1583,6092,0.0,0.35722854213534566
競技種目,自転車競技,4,10,1579,6089,1.542495250158328,0.5056844950616965
競技種目,自転車競技部,0,1,1583,6098,0.0,1.0
競技種目,走り幅跳び,0,10,1583,6089,0.0,0.2310171581066246
競技種目,走り高跳び,5,30,1578,6069,0.6410012674271229,0.5283788377087216
競技種目,跳箱運動,2,61,1581,6038,0.12521645358301967,0.00011873671000892451
競技種目,運動なし,0,3,1583,6096,0.0,1.0
競技種目,野球（含軟式）,352,765,1231,5334,1.9937751867603255,1.1712598732458152e-20
競技種目,鉄棒運動,4,31,1579,6068,0.49586304112443563,0.21294995614598677
競技種目,陸上競技（その他）,8,26,1575,6073,1.1864224664224665,0.6713255796648725
競技種目,障害走（ハードル）,0,11,1583,6088,0.0,0.13523295134777608
競技種目,（欠損）,698,3061,885,3038,0.7827743601385759,1.5714743633712082e-05
通学方法,その他,0,1,1583,6098,0.0,1.0
通学方法,バス,0,4,1583,6095,0.0,0.5873848223447302
通学方法,原動機付自転車,0,18,1583,6081,0.0,0.034905264880280944
通学方法,徒歩,43,159,1540,5940,1.0431266846361187,0.7917566275120935
通学方法,自動車,0,1,1583,6098,0.0,1.0
通学方法,自転車,218,138,1365,5961,6.898646281254977,5.007418688124331e-66
通学方法,鉄道,1,7,1582,6092,0.5501173920895792,1.0
通学方法,（欠損）,1321,5771,262,328,0.28656575851090144,2.2694125343693608e-42
発生場所1,学校内・校舎内（園内・園舎内）,484,2649,1099,3450,0.5735678579414829,6.3675650272550445e-21
発生場所1,学校内・校舎外（園内・園舎外）,602,2331,981,3768,0.9919644415057259,0.9075635160306132
発生場所1,学校外（園外）,497,1119,1086,4980,2.036694167543041,6.71680156032693e-28
発生場所2,その他,59,320,1524,5779,0.699149032152231,0.013165948436275315
発生場所2,プール,16,92,1567,6007,0.6666851641186426,0.15068894179276765
発生場所2,ベランダ,0,17,1583,6082,0.0,0.03271321508921682
発生場所2,体育館・屋内運動場,245,1007,1338,5092,0.9259102574949939,0.33974438659487327
発生場所2,便所,9,42,1574,6057,0.8246051915048103,0.728997060020524
発生場所2,公園,0,1,1583,6098,0.0,1.0
発生場所2,公園・遊園地,12,41,1571,6058,1.1286270978559563,0.7330782597123809
発生場所2,学校外体育館,40,133,1543,5966,1.162855291176743,0.39343703498835897
発生場所2,学校外運動場・競技場,119,374,1464,5725,1.24425608544461,0.05019658934946768
発生場所2,実習実験室,8,152,1575,5947,0.19873015873015873,2.8561413502376693e-08
発生場所2,屋上,0,3,1583,6096,0.0,1.0
発生場所2,山林野（含スキー場）,17,49,1566,6050,1.3403445669455523,0.2871110961611449
発生場所2,廊下,96,392,1487,5707,0.939900909926849,0.6436655689407678
発生場所2,手足洗場,0,3,1583,6096,0.0,1.0
発生場所2,排水溝,0,2,1583,6097,0.0,1.0
発生場所2,教室（保育室）,81,701,1502,5398,0.415269417286699,1.824367705171585e-15
発生場所2,昇降口・玄関,6,96,1577,6003,0.23791217501585288,5.8905087528997945e-05
発生場所2,水飲み場,0,2,1583,6097,0.0,1.0
発生場所2,河川,5,9,1578,6090,2.1440642163075623,0.18244108823092012
発生場所2,海・湖・沼・池,2,15,1581,6084,0.5130929791271347,0.5506134987553498
発生場所2,講堂,3,15,1580,6084,0.770126582278481,1.0
発生場所2,農場,0,7,1583,6092,0.0,0.35722854213534566
発生場所2,遊戯室,0,30,1583,6069,0.0,0.002171524426526816
発生場所2,運動場・校庭（園庭）,567,2159,1016,3940,1.0184340956917208,0.7681847278431102
発生場所2,道路,273,343,1310,5756,3.4971802461442594,4.917883962120836e-44
発生場所2,階段,25,94,1558,6005,1.0250798896566793,0.9091414686567048
遊具等,すべり台,5,24,1578,6075,0.8020437262357415,0.819442834788541
遊具等,その他,5,26,1578,6073,0.7401043190016574,0.6600551750785628
遊具等,ぶらんこ,4,37,1579,6062,0.4150420211218185,0.11846511384709305
遊具等,シーソー,4,8,1579,6091,1.928752374920836,0.284240370535825
遊具等,ジャングルジム,3,14,1580,6085,0.8252712477396021,1.0
遊具等,回旋塔,0,4,1583,6095,0.0,0.5873848223447302
遊具等,固定タイヤ,0,9,1583,6090,0.0,0.21892487682960535
遊具等,施設を使用していない,0,3,1583,6096,0.0,1.0
遊具等,登り棒,1,6,1582,6093,0.6419089759797725,1.0
遊具等,砂場,0,9,1583,6090,0.0,0.21892487682960535
遊具等,総合遊具・アスレティック,0,22,1583,6077,0.0,0.013761866439297023
遊具等,遊動円木,1,1,1582,6098,3.854614412136536,0.3696903075482427
遊具等,鉄棒,12,60,1571,6039,0.7688096753660089,0.4664588274193183
遊具等,雲てい,3,14,1580,6085,0.8252712477396021,1.0
遊具等,（欠損）,1545,5862,38,237,1.6437941065560524,0.0038353887501765167
