列名,値,件数,割合（％）,列内順位
和暦,平成,1313,82.9438,1
和暦,令和,270,17.0562,2
給付年度,19,127,8.0227,1
給付年度,18,115,7.2647,2
給付年度,20,107,6.7593,3
給付年度,17,106,6.6961,4
給付年度,22,105,6.633,5
給付年度,21,102,6.4435,6
給付年度,23,93,5.8749,7
給付年度,27,93,5.8749,8
給付年度,26,89,5.6222,9
給付年度,24,80,5.0537,10
給付年度,28,80,5.0537,11
給付年度,29,76,4.801,12
給付年度,25,72,4.5483,13
給付年度,2,72,4.5483,14
給付年度,30,68,4.2956,15
給付年度,1,63,3.9798,16
給付年度,4,50,3.1586,17
給付年度,3,43,2.7164,18
給付年度,5,42,2.6532,19
種別,歯牙障害,1583,100.0,1
被災学校種,高,886,55.9697,1
被災学校種,中,386,24.3841,2
被災学校種,小,245,15.4769,3
被災学校種,特高,31,1.9583,4
被災学校種,特中,13,0.8212,5
被災学校種,特小,10,0.6317,6
被災学校種,高専,10,0.6317,7
被災学校種,幼,2,0.1263,8
被災学年,2,548,34.6178,1
被災学年,1,466,29.4378,2
被災学年,3,403,25.458,3
被災学年,5,58,3.6639,4
被災学年,6,54,3.4112,5
被災学年,4,54,3.4112,6
性別,男,1191,75.2369,1
性別,女,392,24.7631,2
場合別1,課外指導,687,43.3986,1
場合別1,通学中,262,16.5509,2
場合別1,休憩時間,250,15.7928,3
場合別1,各教科等,233,14.7189,4
場合別1,学校行事,79,4.9905,5
場合別1,特別活動（除学校行事）,64,4.043,6
場合別1,寄宿舎にあるとき,6,0.379,7
場合別1,保育中,2,0.1263,8
場合別2,体育的部活動,674,42.5774,1
場合別2,体育（保健体育）,192,12.1289,2
場合別2,下校（降園）中,135,8.5281,3
場合別2,登校（登園）中,117,7.391,4
場合別2,休憩時間中,94,5.9381,5
場合別2,昼食時休憩時間中,76,4.801,6
場合別2,授業終了後の特定時間中,56,3.5376,7
場合別2,日常の清掃,26,1.6425,8
場合別2,始業前の特定時間中,24,1.5161,9
場合別2,その他の教科,20,1.2634,10
場合別2,運動会・体育祭,20,1.2634,11
場合別2,競技大会・球技大会,14,0.8844,12
場合別2,その他集団宿泊的行事,12,0.7581,13
場合別2,遠足,11,0.6949,14
場合別2,学級（ホームルーム）活動,11,0.6949,15
場合別2,通学（通園）に準ずるとき,10,0.6317,16
場合別2,（欠損）,8,0.5054,17
場合別2,その他,8,0.5054,18
場合別2,その他学級活動,7,0.4422,19
場合別2,文化的部活動,7,0.4422,20
場合別2,総合的な学習の時間,7,0.4422,21
場合別2,体育的クラブ活動,7,0.4422,22
場合別2,自立活動,7,0.4422,23
場合別2,修学旅行,6,0.379,24
場合別2,給食指導,5,0.3159,25
場合別2,理科,4,0.2527,26
場合別2,児童（生徒・学生）会活動,4,0.2527,27
場合別2,大掃除,4,0.2527,28
場合別2,水泳指導,3,0.1895,29
場合別2,その他健康安全・体育的行事,3,0.1895,30
場合別2,その他儀式的行事,3,0.1895,31
場合別2,文化的行事,3,0.1895,32
場合別2,農業,2,0.1263,33
場合別2,勤労生産・奉仕的行事,1,0.0632,34
場合別2,林間学校,1,0.0632,35
場合別2,工業,1,0.0632,36
競技種目,（欠損）,698,44.0935,1
競技種目,野球（含軟式）,352,22.2363,2
競技種目,バスケットボール,112,7.0752,3
競技種目,サッカー・フットサル,77,4.8642,4
競技種目,ソフトボール,75,4.7378,5
競技種目,バレーボール,43,2.7164,6
競技種目,その他,26,1.6425,7
競技種目,ホッケー,20,1.2634,8
競技種目,テニス（含ソフトテニス）,18,1.1371,9
競技種目,ハンドボール,14,0.8844,10
競技種目,ラグビー,13,0.8212,11
競技種目,柔道,13,0.8212,12
競技種目,球技（その他）,13,0.8212,13
競技種目,バドミントン,12,0.7581,14
競技種目,持久走・長距離走,10,0.6317,15
競技種目,水泳,9,0.5685,16
競技種目,陸上競技（その他）,8,0.5054,17
競技種目,準備・整理運動,6,0.379,18
競技種目,ドッジボール,6,0.379,19
競技種目,マット運動,5,0.3159,20
競技種目,剣道,5,0.3159,21
競技種目,走り高跳び,5,0.3159,22
競技種目,短距離走,5,0.3159,23
競技種目,自転車競技,4,0.2527,24
競技種目,鉄棒運動,4,0.2527,25
競技種目,卓球,4,0.2527,26
競技種目,体操（その他）,4,0.2527,27
競技種目,スキー,4,0.2527,28
競技種目,空手,3,0.1895,29
競技種目,弓道,3,0.1895,30
競技種目,体操（組体操）,2,0.1263,31
競技種目,跳箱運動,2,0.1263,32
競技種目,筋力トレーニング,2,0.1263,33
競技種目,相撲,1,0.0632,34
競技種目,ポートボール,1,0.0632,35
競技種目,スケート,1,0.0632,36
競技種目,ボクシング,1,0.0632,37
競技種目,登山,1,0.0632,38
競技種目,器械体操・新体操（その他）,1,0.0632,39
通学方法,（欠損）,1321,83.4491,1
通学方法,自転車,218,13.7713,2
通学方法,徒歩,43,2.7164,3
通学方法,鉄道,1,0.0632,4
発生場所1,学校内・校舎外（園内・園舎外）,602,38.0291,1
発生場所1,学校外（園外）,497,31.3961,2
発生場所1,学校内・校舎内（園内・園舎内）,484,30.5749,3
発生場所2,運動場・校庭（園庭）,567,35.8181,1
発生場所2,道路,273,17.2457,2
発生場所2,体育館・屋内運動場,245,15.4769,3
発生場所2,学校外運動場・競技場,119,7.5174,4
発生場所2,廊下,96,6.0644,5
発生場所2,教室（保育室）,81,5.1169,6
発生場所2,その他,59,3.7271,7
発生場所2,学校外体育館,40,2.5268,8
発生場所2,階段,25,1.5793,9
発生場所2,山林野（含スキー場）,17,1.0739,10
発生場所2,プール,16,1.0107,11
発生場所2,公園・遊園地,12,0.7581,12
発生場所2,便所,9,0.5685,13
発生場所2,実習実験室,8,0.5054,14
発生場所2,昇降口・玄関,6,0.379,15
発生場所2,河川,5,0.3159,16
発生場所2,講堂,3,0.1895,17
発生場所2,海・湖・沼・池,2,0.1263,18
遊具等,（欠損）,1545,97.5995,1
遊具等,鉄棒,12,0.7581,2
遊具等,すべり台,5,0.3159,3
遊具等,その他,5,0.3159,4
遊具等,ぶらんこ,4,0.2527,5
遊具等,シーソー,4,0.2527,6
遊具等,雲てい,3,0.1895,7
遊具等,ジャングルジム,3,0.1895,8
遊具等,遊動円木,1,0.0632,9
遊具等,登り棒,1,0.0632,10
Step7_入力元カテゴリ,歯牙障害,1583,100.0,1
Step7_歯牙障害フラグ,1,1583,100.0,1
