主成分,順位,特徴,負荷量,絶対負荷量
PC1,1,競技種目_（欠損）,0.3777109682559967,0.3777109682559967
PC1,2,場合別2_体育的部活動,-0.37079373002052307,0.37079373002052307
PC1,3,場合別1_課外指導,-0.3690287172794342,0.3690287172794342
PC1,4,発生場所1_学校内・校舎外（園内・園舎外）,-0.27862849831581116,0.27862849831581116
PC1,5,発生場所2_運動場・校庭（園庭）,-0.27666154503822327,0.27666154503822327
PC1,6,競技種目_野球（含軟式）,-0.24791133403778076,0.24791133403778076
PC1,7,場合別1_通学中,0.2300102561712265,0.2300102561712265
PC1,8,通学方法_（欠損）,-0.2300102412700653,0.2300102412700653
PC1,9,発生場所2_道路,0.22850775718688965,0.22850775718688965
PC1,10,発生場所1_学校外（園外）,0.19546879827976227,0.19546879827976227
PC1,11,通学方法_自転車,0.19157551229000092,0.19157551229000092
PC1,12,被災学校種_高,-0.1694098711013794,0.1694098711013794
PC1,13,性別_男,-0.13265804946422577,0.13265804946422577
PC1,14,性別_女,0.13265803456306458,0.13265803456306458
PC1,15,場合別2_下校（降園）中,0.11851342767477036,0.11851342767477036
PC1,16,場合別2_登校（登園）中,0.10334867984056473,0.10334867984056473
PC1,17,被災学校種_小,0.09409213811159134,0.09409213811159134
PC1,18,場合別1_休憩時間,0.08440778404474258,0.08440778404474258
PC1,19,発生場所1_学校内・校舎内（園内・園舎内）,0.08315971493721008,0.08315971493721008
PC1,20,被災学年_2,-0.06172060966491699,0.06172060966491699
PC2,1,発生場所1_学校外（園外）,0.38159582018852234,0.38159582018852234
PC2,2,発生場所1_学校内・校舎内（園内・園舎内）,-0.338635116815567,0.338635116815567
PC2,3,被災学校種_高,0.32424798607826233,0.32424798607826233
PC2,4,発生場所2_道路,0.27025413513183594,0.27025413513183594
PC2,5,通学方法_（欠損）,-0.2688460946083069,0.2688460946083069
PC2,6,場合別1_通学中,0.2688460946083069,0.2688460946083069
PC2,7,通学方法_自転車,0.24140845239162445,0.24140845239162445
PC2,8,場合別1_休憩時間,-0.2181064635515213,0.2181064635515213
PC2,9,場合別2_体育的部活動,0.17749254405498505,0.17749254405498505
PC2,10,場合別1_課外指導,0.1763400286436081,0.1763400286436081
PC2,11,被災学校種_小,-0.1641407012939453,0.1641407012939453
PC2,12,場合別1_各教科等,-0.15359264612197876,0.15359264612197876
PC2,13,競技種目_野球（含軟式）,0.14160966873168945,0.14160966873168945
PC2,14,場合別2_下校（降園）中,0.13704711198806763,0.13704711198806763
PC2,15,被災学校種_中,-0.13562704622745514,0.13562704622745514
PC2,16,被災学年_1,0.1344710737466812,0.1344710737466812
PC2,17,発生場所2_体育館・屋内運動場,-0.13303908705711365,0.13303908705711365
PC2,18,場合別2_体育（保健体育）,-0.1267068237066269,0.1267068237066269
PC2,19,場合別2_登校（登園）中,0.1228853091597557,0.1228853091597557
PC2,20,場合別2_休憩時間中,-0.08680593967437744,0.08680593967437744
PC3,1,発生場所1_学校内・校舎外（園内・園舎外）,0.4943792521953583,0.4943792521953583
PC3,2,発生場所2_運動場・校庭（園庭）,0.4777984023094177,0.4777984023094177
PC3,3,発生場所1_学校内・校舎内（園内・園舎内）,-0.39579981565475464,0.39579981565475464
PC3,4,発生場所2_体育館・屋内運動場,-0.31921735405921936,0.31921735405921936
PC3,5,場合別1_課外指導,-0.210016667842865,0.210016667842865
PC3,6,場合別2_体育的部活動,-0.20537453889846802,0.20537453889846802
PC3,7,競技種目_（欠損）,0.16761939227581024,0.16761939227581024
PC3,8,競技種目_バスケットボール,-0.15848147869110107,0.15848147869110107
PC3,9,被災学年_2,-0.1464766263961792,0.1464766263961792
PC3,10,被災学校種_小,0.12203877419233322,0.12203877419233322
PC3,11,被災学校種_高,-0.11495428532361984,0.11495428532361984
PC3,12,発生場所2_学校外運動場・競技場,-0.11177735775709152,0.11177735775709152
PC3,13,発生場所1_学校外（園外）,-0.09857943654060364,0.09857943654060364
PC3,14,場合別1_休憩時間,0.09649331867694855,0.09649331867694855
PC3,15,競技種目_ソフトボール,0.0740516185760498,0.0740516185760498
PC3,16,通学方法_（欠損）,-0.06712617725133896,0.06712617725133896
PC3,17,場合別1_通学中,0.06712616235017776,0.06712616235017776
PC3,18,発生場所2_道路,0.06074691563844681,0.06074691563844681
PC3,19,競技種目_バレーボール,-0.057457197457551956,0.057457197457551956
PC3,20,競技種目_野球（含軟式）,0.056463152170181274,0.056463152170181274
PC4,1,性別_男,-0.3747435212135315,0.3747435212135315
PC4,2,性別_女,0.3747435212135315,0.3747435212135315
PC4,3,場合別1_各教科等,0.35355716943740845,0.35355716943740845
PC4,4,場合別2_体育（保健体育）,0.3333490788936615,0.3333490788936615
PC4,5,競技種目_（欠損）,-0.27639999985694885,0.27639999985694885
PC4,6,被災学年_2,-0.27080926299095154,0.27080926299095154
PC4,7,場合別1_休憩時間,-0.2667461335659027,0.2667461335659027
PC4,8,被災学年_3,0.1992740035057068,0.1992740035057068
PC4,9,被災学校種_高,0.1913759410381317,0.1913759410381317
PC4,10,発生場所2_体育館・屋内運動場,0.18057076632976532,0.18057076632976532
PC4,11,被災学年_1,0.14048078656196594,0.14048078656196594
PC4,12,競技種目_ソフトボール,0.11983099579811096,0.11983099579811096
PC4,13,被災学校種_小,-0.11865202337503433,0.11865202337503433
PC4,14,競技種目_野球（含軟式）,-0.11712182313203812,0.11712182313203812
PC4,15,場合別2_休憩時間中,-0.11553744226694107,0.11553744226694107
PC4,16,発生場所2_廊下,-0.08725176006555557,0.08725176006555557
PC4,17,発生場所2_教室（保育室）,-0.08413346111774445,0.08413346111774445
PC4,18,場合別2_昼食時休憩時間中,-0.08267167955636978,0.08267167955636978
PC4,19,場合別1_課外指導,-0.0706203281879425,0.0706203281879425
PC4,20,発生場所1_学校内・校舎外（園内・園舎外）,0.06654050201177597,0.06654050201177597
PC5,1,性別_女,0.5570575594902039,0.5570575594902039
PC5,2,性別_男,-0.5570574998855591,0.5570574998855591
PC5,3,被災学年_2,0.2933024764060974,0.2933024764060974
PC5,4,場合別1_各教科等,-0.23462869226932526,0.23462869226932526
PC5,5,場合別2_体育（保健体育）,-0.228175550699234,0.228175550699234
PC5,6,被災学年_3,-0.184807687997818,0.184807687997818
PC5,7,場合別1_課外指導,0.17711064219474792,0.17711064219474792
PC5,8,場合別2_体育的部活動,0.17082282900810242,0.17082282900810242
PC5,9,被災学年_1,-0.1569148451089859,0.1569148451089859
PC5,10,被災学校種_高,-0.1122056245803833,0.1122056245803833
PC5,11,発生場所2_体育館・屋内運動場,-0.10892441123723984,0.10892441123723984
PC5,12,被災学校種_小,0.06991207599639893,0.06991207599639893
PC5,13,発生場所1_学校内・校舎内（園内・園舎内）,-0.06683677434921265,0.06683677434921265
PC5,14,場合別1_休憩時間,0.06480652093887329,0.06480652093887329
PC5,15,競技種目_（欠損）,0.061451252549886703,0.061451252549886703
PC5,16,発生場所1_学校内・校舎外（園内・園舎外）,0.06113584712147713,0.06113584712147713
PC5,17,発生場所2_運動場・校庭（園庭）,0.05665603280067444,0.05665603280067444
PC5,18,発生場所2_廊下,0.04297458007931709,0.04297458007931709
PC5,19,競技種目_ソフトボール,-0.03714505955576897,0.03714505955576897
PC5,20,被災学校種_中,0.0356752909719944,0.0356752909719944
PC6,1,被災学年_2,0.6336590647697449,0.6336590647697449
PC6,2,被災学年_1,-0.6017606258392334,0.6017606258392334
PC6,3,場合別1_各教科等,0.2255987972021103,0.2255987972021103
PC6,4,場合別2_体育（保健体育）,0.21792231500148773,0.21792231500148773
PC6,5,場合別1_休憩時間,-0.13544100522994995,0.13544100522994995
PC6,6,場合別2_体育的部活動,-0.12534275650978088,0.12534275650978088
PC6,7,場合別1_課外指導,-0.12531746923923492,0.12531746923923492
PC6,8,競技種目_（欠損）,-0.0962921753525734,0.0962921753525734
PC6,9,性別_男,0.08760885894298553,0.08760885894298553
PC6,10,性別_女,-0.08760882169008255,0.08760882169008255
PC6,11,被災学校種_小,-0.07921285927295685,0.07921285927295685
PC6,12,発生場所1_学校内・校舎内（園内・園舎内）,-0.07796022295951843,0.07796022295951843
PC6,13,競技種目_ソフトボール,0.07722055166959763,0.07722055166959763
PC6,14,発生場所1_学校内・校舎外（園内・園舎外）,0.06830236315727234,0.06830236315727234
PC6,15,場合別2_休憩時間中,-0.06612369418144226,0.06612369418144226
PC6,16,競技種目_野球（含軟式）,-0.05553289130330086,0.05553289130330086
PC6,17,発生場所2_運動場・校庭（園庭）,0.05524919554591179,0.05524919554591179
PC6,18,発生場所2_廊下,-0.055246658623218536,0.055246658623218536
PC6,19,発生場所2_教室（保育室）,-0.05123431980609894,0.05123431980609894
PC6,20,場合別1_通学中,0.04703428968787193,0.04703428968787193
PC7,1,被災学校種_中,0.7378515005111694,0.7378515005111694
PC7,2,被災学校種_高,-0.5148879289627075,0.5148879289627075
PC7,3,被災学校種_小,-0.21624800562858582,0.21624800562858582
PC7,4,競技種目_（欠損）,-0.14309300482273102,0.14309300482273102
PC7,5,被災学年_1,0.14111803472042084,0.14111803472042084
PC7,6,場合別1_休憩時間,-0.137669175863266,0.137669175863266
PC7,7,場合別1_課外指導,0.10042716562747955,0.10042716562747955
PC7,8,発生場所1_学校内・校舎内（園内・園舎内）,-0.09874314814805984,0.09874314814805984
PC7,9,場合別2_体育的部活動,0.09794341027736664,0.09794341027736664
PC7,10,発生場所1_学校外（園外）,0.09184274822473526,0.09184274822473526
PC7,11,場合別2_休憩時間中,-0.0679132267832756,0.0679132267832756
PC7,12,競技種目_ソフトボール,0.06369472295045853,0.06369472295045853
PC7,13,発生場所2_道路,0.06342626363039017,0.06342626363039017
PC7,14,被災学年_4,-0.05142875388264656,0.05142875388264656
PC7,15,被災学年_5,-0.05042240768671036,0.05042240768671036
PC7,16,場合別2_体育（保健体育）,0.05022584646940231,0.05022584646940231
PC7,17,場合別1_通学中,0.05017310380935669,0.05017310380935669
PC7,18,通学方法_（欠損）,-0.05017310380935669,0.05017310380935669
PC7,19,被災学年_6,-0.048425864428281784,0.048425864428281784
PC7,20,場合別2_下校（降園）中,0.04117096960544586,0.04117096960544586
PC8,1,被災学年_3,0.7555770874023438,0.7555770874023438
PC8,2,被災学年_1,-0.44704264402389526,0.44704264402389526
PC8,3,被災学年_2,-0.2866811752319336,0.2866811752319336
PC8,4,発生場所1_学校外（園外）,0.14228400588035583,0.14228400588035583
PC8,5,場合別2_体育（保健体育）,-0.13889271020889282,0.13889271020889282
PC8,6,場合別1_各教科等,-0.12683740258216858,0.12683740258216858
PC8,7,発生場所2_学校外運動場・競技場,0.12594279646873474,0.12594279646873474
PC8,8,場合別1_課外指導,0.11081063747406006,0.11081063747406006
PC8,9,場合別2_体育的部活動,0.11079515516757965,0.11079515516757965
PC8,10,発生場所1_学校内・校舎内（園内・園舎内）,-0.10311095416545868,0.10311095416545868
PC8,11,発生場所2_体育館・屋内運動場,-0.09638284146785736,0.09638284146785736
PC8,12,競技種目_野球（含軟式）,0.060944147408008575,0.060944147408008575
PC8,13,発生場所2_運動場・校庭（園庭）,-0.04880499467253685,0.04880499467253685
PC8,14,競技種目_ソフトボール,-0.04880310595035553,0.04880310595035553
PC8,15,通学方法_自転車,-0.048107825219631195,0.048107825219631195
PC8,16,被災学校種_高,-0.04474710673093796,0.04474710673093796
PC8,17,給付年度_19,0.04159901291131973,0.04159901291131973
PC8,18,発生場所1_学校内・校舎外（園内・園舎外）,-0.03917299956083298,0.03917299956083298
PC8,19,場合別2_下校（降園）中,-0.035308584570884705,0.035308584570884705
PC8,20,給付年度_29,-0.033099714666604996,0.033099714666604996
PC9,1,発生場所1_学校外（園外）,0.40791305899620056,0.40791305899620056
PC9,2,被災学校種_小,0.38359490036964417,0.38359490036964417
PC9,3,発生場所2_学校外運動場・競技場,0.3006817102432251,0.3006817102432251
PC9,4,発生場所1_学校内・校舎内（園内・園舎内）,-0.2739414572715759,0.2739414572715759
PC9,5,被災学校種_高,-0.24448010325431824,0.24448010325431824
PC9,6,被災学年_3,-0.2099686712026596,0.2099686712026596
PC9,7,通学方法_自転車,-0.20625367760658264,0.20625367760658264
PC9,8,場合別1_各教科等,0.20464394986629486,0.20464394986629486
PC9,9,発生場所2_体育館・屋内運動場,-0.18736985325813293,0.18736985325813293
PC9,10,被災学校種_中,-0.1636219620704651,0.1636219620704651
PC9,11,場合別2_体育（保健体育）,0.15479634702205658,0.15479634702205658
PC9,12,場合別1_休憩時間,-0.15197601914405823,0.15197601914405823
PC9,13,発生場所2_運動場・校庭（園庭）,-0.15188415348529816,0.15188415348529816
PC9,14,通学方法_（欠損）,0.14851604402065277,0.14851604402065277
PC9,15,場合別1_通学中,-0.14851604402065277,0.14851604402065277
PC9,16,競技種目_（欠損）,-0.1394210010766983,0.1394210010766983
PC9,17,発生場所1_学校内・校舎外（園内・園舎外）,-0.13397160172462463,0.13397160172462463
PC9,18,発生場所2_道路,-0.11579369008541107,0.11579369008541107
PC9,19,場合別2_登校（登園）中,-0.1020311787724495,0.1020311787724495
PC9,20,被災学年_6,0.09867006540298462,0.09867006540298462
PC10,1,被災学校種_小,0.4612371027469635,0.4612371027469635
PC10,2,被災学校種_高,-0.2952547073364258,0.2952547073364258
PC10,3,発生場所2_体育館・屋内運動場,0.2942243814468384,0.2942243814468384
PC10,4,場合別1_休憩時間,-0.26323598623275757,0.26323598623275757
PC10,5,発生場所2_学校外運動場・競技場,-0.23469248414039612,0.23469248414039612
PC10,6,場合別1_通学中,0.18784396350383759,0.18784396350383759
PC10,7,通学方法_（欠損）,-0.1878439337015152,0.1878439337015152
PC10,8,発生場所1_学校外（園外）,-0.18107789754867554,0.18107789754867554
PC10,9,発生場所2_道路,0.18028002977371216,0.18028002977371216
PC10,10,場合別2_下校（降園）中,0.1642449051141739,0.1642449051141739
PC10,11,被災学年_1,-0.161985844373703,0.161985844373703
PC10,12,場合別2_体育的部活動,0.15424922108650208,0.15424922108650208
PC10,13,場合別1_課外指導,0.14392788708209991,0.14392788708209991
PC10,14,被災学校種_中,-0.14187054336071014,0.14187054336071014
PC10,15,競技種目_バスケットボール,0.13715432584285736,0.13715432584285736
PC10,16,被災学年_2,-0.12485743314027786,0.12485743314027786
PC10,17,通学方法_徒歩,0.12444278597831726,0.12444278597831726
PC10,18,被災学年_5,0.1207316517829895,0.1207316517829895
PC10,19,被災学年_6,0.11906140297651291,0.11906140297651291
PC10,20,発生場所1_学校内・校舎内（園内・園舎内）,0.11463712900876999,0.11463712900876999
