単語,出現事例数
部,2321
練習,2068
当たる,1707
負傷,1632
ボール,1623
眼,1471
れる,1338
転倒,1254
顔面,1039
試合,965
相手,907
体育,891
場,886
打つ,834
時間,822
強打,810
運動,809
残る,797
前歯,750
しまう,717
走る,704
野球,702
くる,697
友人,691
足,667
手,633
倒れる,612
教室,580
強い,577
体育館,562
遊ぶ,545
ぶつかる,534
バランス,533
崩す,516
歯,498
口,490
直撃,488
床,463
サッカー,463
人,451
顔,451
休憩,433
地面,429
ぶつける,422
救急,416
搬送,413
投げる,402
蹴る,399
本,397
自転車,393
滑る,388
骨折,387
頭部,373
治療,372
廊下,366
膝,358
頭,355
打球,352
右手,347
障害,341
手術,335
室,323
取る,321
行く,318
入る,306
持つ,304
切る,303
落ちる,299
状態,294
つく,291
られる,286
出る,286
瘢痕,285
落下,281
下校,281
バッティング,279
受診,279
飛ぶ,274
バスケットボール,273
終了,271
選手,271
車,268
左手,265
額,262
病院,261
部分,259
近く,254
指,254
ガラス,254
性,252
頬,249
せる,248
肘,246
付近,244
外,241
かける,241
残存,241
衝突,239
接触,239
球,235
負う,234
登校,234
体,231
意識,227
顎,224
機能,222
歩く,221
準備,218
ふざける,217
目,215
加える,212
失う,212
前方,211
バット,208
歯科,204
後ろ,203
ｍ,202
補綴,201
向かう,196
乗る,196
階段,194
折,194
外傷,193
割れる,192
鬼ごっこ,191
出血,191
チーム,190
ノック,189
状,186
途中,183
保育,182
横,181
ネット,179
内,179
破る,179
角,178
折れる,176
ソフトボール,175
校庭,175
かかる,175
大会,174
転落,174
昼食,173
捕る,173
守備,173
道路,172
後方,172
間,172
押す,171
痛み,170
側,169
戻る,169
移動,169
つまずく,169
追いかける,169
打撲,168
窓,166
誤る,165
見る,165
線,165
振る,163
視力,163
打ちつける,162
転ぶ,159
痕,158
着地,157
マット,155
グラウンド,153
ゴール,152
児,151
シュート,149
座る,148
挟む,148
勢い,147
前額,146
右足,146
痛める,146
遊び,144
背中,143
友達,143
切れる,141
立つ,140
打ち付ける,138
ドア,138
首,137
関節,137
昼休み,136
ゲーム,135
バッター,134
階,134
出す,133
先,131
脱臼,131
部員,127
隣,127
腰,127
気付く,126
おる,125
コンクリート,124
壁,124
さ,123
使う,123
来る,123
ほお,122
腕,122
柔道,121
左足,121
拾う,121
減退,121
急,120
清掃,120
朝,119
バレーボール,118
ろ,117
バドミントン,117
大腿,116
両手,116
逃げる,115
ピッチャー,115
離れる,115
骨,115
抜ける,115
小指,115
トイレ,114
参加,114
クラス,113
入れる,113
競技,112
体操,112
散る,112
指導,111
鼻,111
左側,111
うし,111
きれる,111
瞳,111
終わる,110
特定,110
シャトル,109
机,109
男子,108
他校,108
損傷,108
置く,108
名,107
園,107
眼球,107
回,106
後頭部,106
高い,106
祭,106
教員,106
疼痛,106
跳ね返る,105
等,104
欠損,104
ない,103
力,102
プール,102
前のめり,102
校舎,102
的,102
挫創,102
降りる,101
左腕,101
耳,100
台,100
使用,100
一緒,100
AED,100
訴える,99
上がる,99
形,99
いく,98
コート,98
別,98
肩,97
股間,97
切断,97
当たり,96
鉄棒,96
会,96
心肺,96
作業,95
思う,94
跳ぶ,94
身体,94
上げる,94
腹部,94
低下,93
形式,92
脳,92
麻痺,92
入院,91
口元,91
視野,91
学習,90
回転,90
右側,89
支柱,89
追う,89
醜状,88
給食,87
とる,87
右腕,87
殴る,86
そう,86
用,86
底,86
方向,85
動,85
段差,84
昇降,84
合う,84
後日,84
唇,84
裂傷,84
視,84
細,84
終える,83
避ける,82
打者,82
組,81
除,81
パス,80
技,80
庭,80
転,80
外れる,80
ジャンプ,79
距離,79
始業,79
担任,78
調節,78
振り向く,77
ランニング,76
実習,76
前腕,76
複,76
陸上,75
声,75
激突,75
学級,75
植込み,75
段,74
水泳,74
閉める,74
テニス,73
様子,73
悪い,73
辺り,73
板,73
帰宅,72
者,72
待つ,72
棒,72
打撃,72
感覚,72
圧迫,72
中指,72
キャッチボール,71
送球,71
支える,71
扉,71
保健,71
下り坂,71
離す,70
ラケット,70
分,70
放課後,70
瞬間,69
激しい,69
始める,69
水,69
一部,69
器,69
口唇,68
直接,68
感じる,68
ゴールキーパー,68
ハンドル,68
つかむ,68
バウンド,68
ラグビー,68
ごと,67
出場,67
受傷,67
場所,67
失敗,67
確認,67
停止,67
直後,66
遊具,66
傷,66
捻る,66
突っ込む,66
前輪,66
あたり,65
起こす,65
キャッチャー,65
開ける,65
端,65
左目,65
蘇生,65
運ぶ,64
科,63
次,63
～,63
体重,63
スピード,63
左上,63
高次,63
つける,62
木,62
立ち上がる,62
ディフェンス,62
損ねる,62
変形,62
教諭,61
m,61
転がる,61
下腿,61
トレーニング,61
向ける,61
かけっこ,61
石,61
タックル,61
けんか,61
周辺,60
呼吸,60
眼窩,60
痛い,59
飛び込む,59
引っ掛かる,59
引っ張る,59
手首,59
創,59
ティー,58
薬指,58
体勢,58
大きい,58
休み,57
ドッジボール,57
登る,57
脇,57
上部,57
席,57
フライ,57
ハンドボール,57
崩れる,57
キャッチ,57
トス,57
刺さる,57
下肢,57
ICD,57
側溝,56
製,56
タイヤ,56
止める,56
椅子,56
イレギュラー,56
至近,56
バント,55
日,55
挟まる,55
倒立,55
深い,55
見える,55
玄関,55
眉,55
位,54
正面,54
破片,54
外野,54
走行,54
並ぶ,54
教師,53
入ろう,53
ブレーキ,53
動く,53
先端,53
振り返る,53
話,52
投手,52
ベース,52
曲がる,52
爪,52
通る,51
片付け,51
踏み外す,51
下りる,51
対,51
衝撃,50
ブロック,50
リレー,50
掃除,50
傘,50
掛ける,50
両足,50
開始,50
人差し指,50
要請,50
戦,49
言う,49
頭痛,49
落とす,49
通学,49
手すり,49
飛び出す,49
サイド,49
全身,49
トラブル,48
注意,48
金属,48
雨,48
引く,48
症,48
立てる,48
鬼,48
運動会,47
作る,47
素振り,47
向く,47
枠,47
近づく,47
頚部,47
靴,47
止まる,47
マシン,47
倒れ込む,47
足首,47
叩く,46
式,46
補助,46
戸,46
巻き込む,46
面,46
柱,46
塁,45
実験,45
防,45
溝,45
ｃｍ,45
硬式,45
坂道,45
守る,45
あたる,45
右目,45
破裂,45
睾丸,45
ひっかかる,44
実施,44
気,44
反対,44
腹,44
押さえる,44
歩道,44
周,44
クラブ,44
学年,43
スパイク,43
順番,43
自由,43
帰る,43
飛ばす,43
投球,43
開く,43
担当,43
理科,42
反動,42
斜め,42
コース,42
合同,42
折る,42
生活,42
cm,42
暗い,42
しゃがむ,41
位置,41
友だち,41
スキー,41
キーパー,41
脚,41
カーブ,41
片付ける,41
イレギュラーバウンド,41
余る,41
処置,41
四肢,41
跳箱,41
園児,41
ひっかく,41
植え込む,41
右肩,40
顧問,40
音,40
口論,40
可動,40
内側,40
レシーブ,40
こむ,40
味方,40
部室,40
番,40
入り口,40
中心,40
時限,39
続ける,39
打ち返す,39
設置,39
気分,39
上腕,39
下る,39
固定,39
路,39
急ぐ,39
バッターボックス,39
スマッシュ,39
閉まる,39
胸骨,39
フェンス,38
濡れる,38
打席,38
程度,38
ドリブル,38
怒る,38
手前,38
網膜,38
症状,37
着替え,37
徒歩,37
機,37
取り合い,37
すべる,37
ぶら下がる,37
眼鏡,37
熱傷,37
関わる,37
制限,37
減じる,37
同級生,36
総合,36
中央,36
見学,36
始まる,36
公園,36
音楽,36
年生,36
球技,36
引っかかる,36
歯牙,36
たち,36
みる,36
反応,36
畳,35
飛び降りる,35
胸,35
嘔吐,35
うまい,35
翌日,35
冷却,35
ウォーミングアップ,35
切,35
気づく,35
振り回す,35
縁,35
倒す,35
抜く,35
診断,35
ベランダ,35
域,35
管理,35
テスト,34
降る,34
ヘディング,34
いす,34
スライディング,34
グループ,34
路面,34
度,34
当日,34
挫傷,34
出来事,34
引っかく,34
そば,33
ベンチ,33
すべり台,33
班,33
職員,33
飛び込み,33
休む,33
周り,33
指先,33
欠ける,33
回す,33
バック,33
一塁,33
仰向け,33
もつれる,32
柄,32
触れる,32
着く,32
持ち上げる,32
下敷き,32
操作,32
裂創,32
拍子,32
ダブルス,32
卓球,32
遊戯,32
ひねる,32
背後,31
上る,31
ショート,31
回る,31
ロッカー,31
鉄製,31
踏む,31
(,31
お互い,31
破損,31
スティック,31
バー,31
ステージ,31
枝,31
ブランコ,30
たたく,30
全員,30
突く,30
メートル,30
ダッシュ,30
上顎,30
チームメイト,30
部活,30
向き,30
鉄,30
乗せる,30
ペア,30
字,30
乱取り,30
動ける,30
縄跳び,30
頚椎,30
狭窄,30
スタート,29
周囲,29
斜面,29
フリー,29
走り高跳び,29
合宿,29
待機,29
動かす,29
渡り廊下,29
室内,29
火傷,29
けいれん,29
せき柱,29
精巣,29
返球,28
校門,28
はさむ,28
隙間,28
遠足,28
最後,28
箇所,28
㎝,28
軽い,28
遅れる,28
姿勢,28
応援,28
踊り場,28
話す,28
足元,28
指示,28
女子,28
通報,28
肢,28
片,28
まぶた,28
膜,28
宿泊,27
穴,27
剣道,27
アスファルト,27
保護,27
本人,27
左肩,27
ポール,27
金具,27
通路,27
荷物,27
あう,27
自宅,27
戻す,27
上下,27
見つける,27
集合,27
方,27
.,27
刃,27
なくなる,26
ホーム,26
ゴム,26
プレー,26
異常,26
絡まる,26
断,26
道,26
入口,26
柵,26
胸部,26
マネージャー,26
カット,26
文化,26
呼ぶ,26
通常,26
やる,26
振り上げる,26
握る,26
あと,26
泣く,26
聞く,25
倉庫,25
シート,25
続く,25
帰り,25
親指,25
開放,25
ける,25
渡す,25
グランド,25
ランナー,25
輪,25
分かれる,25
セカンド,25
ライナー,25
装着,25
下ろす,25
列,25
午後,25
持久走,25
ら,25
臀部,25
左下,25
動き,25
ピッチングマシン,25
タッチ,25
ＡＥＤ,25
部屋,24
下がる,24
伸ばす,24
ふらつく,24
バス,24
腰部,24
すぎる,24
雑巾,24
発見,24
サード,24
後ろ向き,24
種目,24
損なう,24
中庭,24
手足,24
機械,24
渡る,24
最中,24
奪う,24
結果,24
ごっこ,24
腫れる,24
出入り口,24
分間,24
強風,24
裂,24
家庭,24
鍋,24
越える,23
士,23
張る,23
出し,23
外側,23
ショック,23
棚,23
組む,23
口腔,23
裏,23
履く,23
同士,23
ファースト,23
ホッケー,23
投げ出す,23
ひも,23
跳び箱,23
もらう,23
後片付け,23
行事,23
型,23
",",23
座り込む,23
調理,23
眉間,23
つかまる,23
うずくまる,23
止血,23
低い,22
バスケット,22
からかう,22
観察,22
言葉,22
ジャングルジム,22
ポスト,22
てんかん,22
火,22
物,22
返す,22
ホール,22
人組,22
ホームルーム,22
タイミング,22
施設,22
走者,22
特別,22
神経,22
三塁,22
子,22
経過,22
体験,22
眼下,22
それる,21
つま,21
づく,21
花壇,21
急性,21
縁石,21
直前,21
泳ぐ,21
ミニゲーム,21
修学旅行,21
センター,21
当てる,21
紅白,21
発作,21
夏季,21
滑走,21
ランドセル,21
浮く,21
上唇,21
車輪,21
走り出す,21
日常,21
校内,21
ずれる,21
パイプ,21
宙返り,21
竹,21
歩行,21
込む,21
集団,21
),21
腕骨,21
引っ掻く,21
応急,21
ストレッチ,21
剥離,21
パンチ,20
半身,20
クラスメイト,20
半分,20
近距離,20
めまい,20
課題,20
冷やす,20
ペース,20
フック,20
捻挫,20
蓋,20
ガードレール,20
駆ける,20
鍵,20
切傷,20
立ち,20
坂,20
引っ掛ける,20
駐車,20
校外,20
到着,20
水筒,20
ちょっかい,20
頭頂,20
受け取る,20
地点,20
午前,20
短縮,20
不明,20
斑,20
失明,20
救命,20
胸椎,20
上級生,19
トラック,19
付く,19
全体,19
出来る,19
重い,19
下部,19
傾く,19
箱,19
ロープ,19
黒板,19
駅,19
長い,19
袋,19
校,19
土台,19
上肢,19
養護,19
木製,19
突き破る,19
まひ,19
黄,19
腰椎,19
吹く,18
生じる,18
だす,18
雪,18
起きる,18
全校,18
違和感,18
ぶらんこ,18
自主,18
変える,18
前日,18
けが,18
うつ,18
振り払う,18
攻撃,18
抜け落ちる,18
グローブ,18
遠征,18
止め,18
ペダル,18
乗り上げる,18
門,18
拭く,18
驚く,18
回り,18
屋根,18
敷く,18
洗う,18
トランポリン,18
寄る,18
気が付く,18
ワン,18
おでこ,18
筋,18
夏休み,18
払う,18
背部,18
眼瞼,18
硬い,18
血腫,18
連絡,18
ファウルチップ,18
心臓,18
耳鳴り,17
測定,17
食べる,17
聴力,17
バッティングマシーン,17
変わる,17
こめかみ,17
以前,17
加わる,17
てい,17
防ぐ,17
年,17
鳴る,17
痛む,17
交錯,17
休業,17
乗り越える,17
放す,17
うつ伏せる,17
外す,17
滑り,17
キック,17
前進,17
ゴロ,17
リバウンド,17
交代,17
起き上がる,17
ほうき,17
フロア,17
擦り傷,17
待ち,17
隅,17
縦,17
図書,17
一環,17
あげる,17
ヘルメット,17
片方,17
腫れ,17
用具,17
弾み,17
呼びかける,17
引火,17
調整,17
激痛,17
級友,17
体調,17
ヘリ,17
摘出,17
にくい,16
重なる,16
自力,16
更衣,16
医療,16
盤,16
付け根,16
背負う,16
とっさ,16
探す,16
とぶ,16
助走,16
脱落,16
サーブ,16
電柱,16
過ぎる,16
スイング,16
打ち合い,16
屋内,16
吹奏楽,16
進む,16
よそ見,16
流す,16
入り込む,16
ひさし,16
駆け付ける,16
ゴルフ,16
揺らす,16
記録,16
スリップ,16
自立,16
間に合う,16
背,16
刺す,16
滑り落ちる,16
全力,16
複数,16
引き抜く,16
作り,16
切り傷,16
お湯,16
熱湯,16
瞼,16
プラスチック,16
ハードル,16
精神,16
発現,16
既往症,16
頚,16
ファール,15
大型,15
水道,15
きる,15
アップ,15
氷,15
図工,15
所,15
く,15
空中,15
側面,15
回復,15
夕食,15
ポジション,15
怪我,15
近い,15
股関節,15
炎,15
防御,15
尻,15
役,15
構える,15
服,15
逸れる,15
ライト,15
アルミ,15
車いす,15
山,15
身,15
言い争う,15
跳ねる,15
乗り,15
安全,15
遠い,15
ピッチングマシーン,15
交差点,15
マラソン,15
痙攣,15
移る,15
つなぐ,15
小走り,15
見失う,15
会場,15
すり抜ける,15
元,15
無理,15
縄,15
円,15
熱い,15
ハーフ,15
背負い投げ,15
隠れる,15
てる,15
やけど,15
開,15
鉛筆,15
加工,15
器質,15
ドクター,15
白内障,15
髄,15
係,14
合図,14
当る,14
聞こえる,14
肩車,14
めがける,14
一瞬,14
ひっかける,14
左右,14
前後,14
くずす,14
状況,14
本校,14
ひどい,14
原動機,14
道具,14
がけ,14
シーソー,14
先頭,14
競争,14
外周,14
じゃれる,14
躓く,14
追いつく,14
上体,14
不良,14
相撲,14
かがむ,14
歩,14
突き,14
研究,14
網,14
行なう,14
幅,14
取れる,14
はまる,14
雨天,14
電車,14
直径,14
抱く,14
マシーン,14
ライン,14
引き上げる,14
馬跳び,14
製作,14
川,14
飛び越える,14
送る,14
チアリーディング,14
置き場,14
横切る,14
ぬれる,14
競り合う,14
軟式,14
リング,14
回し,14
敷地,14
走り回る,14
腹痛,14
頸部,14
湯,14
チャイム,14
カバー,14
鎖骨,14
演技,14
検査,14
ジョギング,14
異変,14
安静,14
脈,14
予行,13
自然,13
捕まえる,13
立てかける,13
尻もち,13
チップ,13
スロープ,13
入れ,13
はずれる,13
一番,13
もと,13
趾,13
サッシ,13
非常,13
コーナー,13
分かる,13
昼,13
伏せ,13
合唱,13
ぐらつく,13
完全,13
馬,13
滑り降りる,13
振り切る,13
現場,13
ワイヤー,13
プレーヤー,13
フレーム,13
風,13
水中,13
消しゴム,13
平行棒,13
停車,13
男児,13
ズボン,13
拳,13
ミニ,13
やめる,13
掴む,13
クリア,13
捕手,13
ケース,13
メガネ,13
ゲージ,13
抱える,13
組み,13
体力,13
浴びる,13
自席,13
ふく,13
制作,13
メニュー,13
よろける,13
幼児,13
こぼれる,13
砂場,13
セット,13
レンズ,13
甲,13
添える,13
S,13
定規,13
硬直,13
寝技,13
房,13
レスリング,13
孔,13
心室,13
マッサージ,13
下腹,13
内野,12
刈り,12
受身,12
教科,12
騎馬,12
テープ,12
吐き気,12
竹刀,12
母親,12
後部,12
ひとり,12
バトン,12
流れる,12
ロック,12
ソフトテニス,12
慌てる,12
集会,12
付,12
食,12
ペットボトル,12
機関,12
グリップ,12
上半身,12
かご,12
集める,12
卒業,12
言い合う,12
チェーン,12
掛け,12
支援,12
小石,12
原因,12
もみ合う,12
車道,12
多量,12
かばん,12
直す,12
立ち止まる,12
擦りむく,12
座,12
取っ手,12
落ち,12
代わり,12
紙,12
配膳,12
一輪車,12
取り,12
着用,12
目撃,12
防止,12
スポーツ,12
かする,12
武道,12
か月,12
ラリー,12
皮膚,12
カッターナイフ,12
早い,12
上がり,12
か所,12
作成,12
幹部,12
我慢,12
移送,12
走り幅跳び,12
受け身,12
-,12
ベッド,11
家,11
オフェンス,11
付き,11
それぞれ,11
整備,11
うつぶせる,11
ハンド,11
ベースボール,11
タイム,11
近寄る,11
伴う,11
残り,11
補給,11
不安定,11
公式,11
振盪,11
液,11
両側,11
レール,11
排水,11
割る,11
利用,11
宙,11
跳ね上がる,11
危ない,11
路上,11
バレー,11
ボード,11
稽古,11
発表,11
タオル,11
乗り出す,11
かわす,11
速い,11
あご,11
引っかける,11
裂ける,11
ふた,11
会話,11
スタンド,11
はじく,11
出入口,11
ボクシング,11
真似,11
ダンス,11
畑,11
器具,11
横断,11
当番,11
塀,11
態度,11
脇腹,11
まわる,11
発,11
触る,11
地上,11
通過,11
かかと,11
籠,11
太もも,11
考える,11
筆箱,11
午睡,11
草,11
前向き,11
ストーブ,11
逃げ込む,11
木工,11
テラス,11
フットサル,11
丸める,11
具,11
電気,11
貫通,11
再開,11
眉毛,11
工作,11
入水,11
患部,11
カンナ,11
しびれ,11
進行,11
ｋｍ,11
崩れ落ちる,11
角膜,11
手押し,11
作動,11
人工,11
梗塞,11
脊髄,11
節,11
返事,10
つかまえる,10
手洗い,10
天井,10
夜,10
投げつける,10
判明,10
揺れる,10
水分,10
奥,10
審判,10
教卓,10
グレーチング,10
新体操,10
アメリカンフットボール,10
掛かる,10
交流,10
空振り,10
虫,10
寄宿舎,10
選択,10
デッドボール,10
監督,10
判断,10
滑り込む,10
マンション,10
紐,10
車椅子,10
電動,10
くぐる,10
巻く,10
結ぶ,10
砂利,10
後衛,10
自動車,10
カーテン,10
介助,10
脱ぐ,10
陰,10
大量,10
照明,10
鼻血,10
登,10
返却,10
予選,10
下げる,10
動作,10
上り,10
取り合う,10
対戦,10
二塁,10
沿い,10
決める,10
A,10
朝礼,10
突っ込み,10
帯,10
曲げる,10
登り,10
ローラー,10
覚える,10
壊死,10
息,10
苦しい,10
玩具,10
手袋,10
試験,10
針金,10
強化,10
床の間,10
付ける,10
マッチ,10
飛び散る,10
アルコール,10
水飲み,10
その間,10
はぐ,10
こする,10
良い,10
取り出す,10
防火,10
咬む,10
尺,10
レクリエーション,10
テント,10
秒,10
片手,10
ざま,10
飲む,10
はねる,10
赤い,10
頬骨,10
技術,10
右前,10
背面,10
広場,10
糸,10
センチ,10
荷台,10
丸,10
団体,10
頃,10
隊,10
km,10
飛び込み台,10
不要,10
解析,10
下腹部,10
暴行,9
下方,9
懸垂,9
筋力,9
繰り返す,9
広い,9
行動,9
寮,9
答える,9
頭上,9
アタック,9
各自,9
先輩,9
委員,9
早朝,9
隣接,9
気がつく,9
負担,9
根元,9
ハンマー,9
最終,9
飛びつく,9
前かがみ,9
自動,9
ノッカー,9
歯肉,9
テーブル,9
駆け寄る,9
かばう,9
打ち,9
グラブ,9
部位,9
格技,9
工業,9
取り付ける,9
あがる,9
講習,9
中学校,9
鉄板,9
壁際,9
対抗,9
狭い,9
促す,9
交換,9
同様,9
かくれんぼ,9
落ち葉,9
つかみ合う,9
マスク,9
上口,9
空手,9
消失,9
擦る,9
歯槽,9
追突,9
寝る,9
阻止,9
こぐ,9
正門,9
試みる,9
差,9
含む,9
左折,9
用水路,9
過ごす,9
よい,9
処理,9
踏み出す,9
擦過傷,9
講堂,9
本棚,9
降ろす,9
社会,9
新人,9
覆う,9
違う,9
絞める,9
行為,9
軸,9
させる,9
皿,9
缶,9
芯,9
油,9
熱す,9
靭帯,9
剤,9
屋上,9
おもちゃ,9
走り込む,9
窓際,9
おかしい,9
歳児,9
鼻骨,9
間際,9
砲丸,9
すれ違う,9
あおる,9
かかえる,9
シャープペンシル,9
達,9
眼科,9
爆発,8
呼び出す,8
研修,8
無い,8
楽しみ,8
説明,8
喉,8
コントロール,8
ミーティング,8
クロール,8
雲,8
合わせる,8
硬球,8
週間,8
天,8
末節,8
母,8
不全,8
バーベル,8
言語,8
デッキ,8
ブラシ,8
追い抜く,8
打順,8
からまる,8
受け止める,8
本塁,8
接近,8
名前,8
競り合い,8
起こる,8
鉄柱,8
上前,8
やすい,8
まわり,8
着替える,8
往復,8
駐輪場,8
まね,8
替える,8
立て,8
土手,8
信号,8
前衛,8
通りかかる,8
腹筋,8
不意,8
下り,8
ルーム,8
すくう,8
手の甲,8
裾,8
ふる,8
散歩,8
ビニール,8
貼る,8
普段,8
作品,8
かすめる,8
とり,8
運転,8
一時,8
マンホール,8
付き添う,8
ムカデ,8
消す,8
庇,8
野外,8
引っぱる,8
打撲傷,8
靴箱,8
後半,8
レンガ,8
台風,8
橋,8
エプロン,8
職場,8
三塁手,8
棟,8
呼び掛ける,8
スイッチ,8
ゴミ,8
布,8
課外,8
含める,8
格好,8
しっぽ,8
シャワー,8
のける,8
自習,8
仕掛ける,8
抵抗,8
植え込み,8
突風,8
飴,8
mm,8
捨てる,8
削る,8
部品,8
陥没,8
嫌がる,8
取り上げる,8
釘,8
かぶる,8
楽器,8
駅伝,8
夕方,8
ポット,8
硝子,8
背もたれ,8
掌,8
輪ゴム,8
タワー,8
小屋,8
跳躍,8
切り,8
継続,8
はさみ,8
基礎,8
攻める,8
バトミントン,8
湿布,8
木材,8
悪化,8
神経症,8
緊急,8
脈拍,8
確保,8
人さし指,8
脾臓,8
不安,7
先生,7
難聴,7
ピッチング,7
よじ登る,7
リコーダー,7
上段,7
人工芝,7
進入,7
一つ,7
片足,7
カゴ,7
コーン,7
滑り台,7
着席,7
飛行機,7
耐える,7
仲間,7
はさまる,7
すりむく,7
向う,7
たれる,7
重ねる,7
下駄,7
スケート,7
吐く,7
心筋,7
看板,7
一方,7
つんのめる,7
キャップ,7
左端,7
歯根,7
のせる,7
話し合い,7
ルーズボール,7
コーチ,7
手伝い,7
役割,7
対応,7
遅刻,7
経路,7
レフト,7
片づける,7
吹き抜け,7
押し倒す,7
誤り,7
バケツ,7
ターン,7
農業,7
扇風機,7
スキップ,7
自ら,7
砂,7
飛び越す,7
血,7
宿舎,7
浴室,7
カバン,7
追い越す,7
漕ぐ,7
おこなう,7
上履き,7
芝生,7
凍る,7
歯磨き,7
危険,7
双方,7
ヘッド,7
平均,7
読む,7
丸太,7
回収,7
牽制,7
朦朧,7
横向き,7
突進,7
窓側,7
防護,7
相手方,7
おんぶ,7
ひく,7
訓練,7
モップ,7
れっする,7
込み,7
脳震盪,7
セーフティー,7
約束,7
ラン,7
熱,7
ギャラリー,7
休日,7
越し,7
見つかる,7
便器,7
着,7
口前,7
対向,7
下半身,7
歩ける,7
ノブ,7
整列,7
前面,7
呼び止める,7
出口,7
厚い,7
あてる,7
付け,7
かぶさる,7
傷口,7
アスレチック,7
真ん中,7
へる,7
ひっくり返る,7
布団,7
食事,7
引きずる,7
筒,7
美術,7
負荷,7
おく,7
あまる,7
ステンレス,7
中断,7
ダンクシュート,7
大学,7
心,7
ワゴン,7
顎骨,7
揚げ,7
自身,7
垂直,7
はずす,7
十分,7
認める,7
興奮,7
擦過,7
器械体操,7
こぶし,7
男,7
運搬,7
症候群,7
争い,7
算数,7
顆骨折,7
顆上骨,7
脛骨,7
疲れる,7
補強,7
殴打,7
三角,7
ノート,7
ロング,7
改善,7
報告,7
時点,7
治まる,7
顔色,7
完走,7
気道,7
蒼白,7
鋸,7
ストレス,6
悪口,6
玉,6
親子,6
感じ,6
感,6
まとめる,6
運び出す,6
つぶれる,6
ピラミッド,6
期間,6
ぶらさがる,6
集まる,6
大丈夫,6
保持,6
延長,6
牛乳,6
ホテル,6
集中,6
スペース,6
業,6
弓道,6
務める,6
分の,6
びっくり,6
泥,6
雑談,6
kg,6
歩き,6
膝下,6
食器,6
感染,6
またがる,6
歯茎,6
南側,6
摂取,6
管,6
偶然,6
捕まる,6
むく,6
乗りかかる,6
スクールバス,6
気持ち,6
とれる,6
冠,6
喧嘩,6
プレイルーム,6
プレス,6
ヶ所,6
旋盤,6
踏切,6
さしかかる,6
のしかかる,6
ポート,6
塁間,6
最寄り駅,6
クラスメート,6
きっかけ,6
走り抜ける,6
高校,6
ピロティ,6
ダイビング,6
フライング,6
携帯,6
電話,6
連れる,6
抑える,6
取り返す,6
歌,6
上方,6
壁面,6
勘違い,6
骨盤,6
ケンカ,6
海,6
補,6
箒,6
殴り合い,6
邪魔,6
ボレー,6
団,6
岩,6
落書き,6
手のひら,6
張り出す,6
ファウルボール,6
傷める,6
教官,6
入浴,6
通行,6
サーキット,6
南,6
視界,6
トレ,6
書く,6
軌道,6
角度,6
春休み,6
スタンツ,6
くれる,6
光,6
当時,6
メンバー,6
転換,6
手元,6
家庭科,6
側壁,6
殺る,6
棒高跳び,6
吊る,6
小さい,6
もうろう,6
困難,6
ボックス,6
林間,6
曲がり角,6
武道館,6
増す,6
抱え込む,6
寝かせる,6
挨拶,6
づくり,6
押し合い,6
国語,6
フリスビー,6
つけ,6
ランプ,6
多数,6
広範囲,6
バラ,6
遠く,6
地区,6
緩める,6
並べる,6
居る,6
ふち,6
閉じ込める,6
割り,6
つけ根,6
橈骨,6
ままごと,6
炊飯,6
読書,6
コード,6
あわてる,6
回旋,6
塔,6
ボルト,6
女児,6
手伝う,6
開閉,6
机上,6
ピン,6
引き寄せる,6
連続,6
㎝）,6
ガスコンロ,6
転び,6
折りたたみ,6
腱,6
通用,6
皮,6
届く,6
コンテナ,6
突起,6
図画,6
舞台,6
割,6
傷つける,6
行い,6
ラック,6
向こう,6
現れる,6
ねじ,6
突き刺さる,6
避難,6
ピアノ,6
すね,6
通り抜ける,6
押さえつける,6
色,6
挫滅創,6
複合,6
スリッパ,6
頭蓋骨,6
脚長,6
嗅覚,6
術後,6
セーフティ,6
学園,6
段違い,6
ペンチ,6
ぼやける,6
壊れる,6
ささい,6
間隔,6
ひざ,6
訴え,6
矢,6
変性,6
支え,6
事件,6
スクラム,6
取り組む,6
与える,6
盲,6
ストッパー,6
虹彩,6
脈絡,6
緑内障,6
傍ら,6
自発,6
大内,6
詰まる,6
水面,6
落ち着く,6
心拍,6
蝶番,6
陰部,6
引率,5
蛇口,5
はり,5
キャンプ,5
翌朝,5
もめる,5
台車,5
寒い,5
コンビネーション,5
たてる,5
バッグ,5
済ませる,5
持病,5
クロス,5
夜間,5
弓,5
個,5
遅い,5
草むら,5
路肩,5
囲む,5
投てき,5
発熱,5
続行,5
些細,5
そしゃく,5
上靴,5
永久歯,5
舗装,5
急ぎ足,5
たつ,5
踵,5
ひな壇,5
歌う,5
貧血,5
暴投,5
出かける,5
県,5
補習,5
工事,5
自陣,5
挟,5
脱げる,5
根本,5
うむ,5
くすぐる,5
段ボール,5
進路,5
こ,5
ドリル,5
磨く,5
トンボ,5
教える,5
科学,5
ノー,5
変化,5
ミス,5
通行人,5
個室,5
入学,5
通り過ぎる,5
右折,5
鏡,5
腹ばい,5
はじめる,5
摩擦,5
多目的,5
逃げ,5
足下,5
踏み込む,5
オーバー,5
ゲレンデ,5
スパーリング,5
タイル,5
ベルト,5
体制,5
ブリッジ,5
肢体,5
迎える,5
多い,5
髪の毛,5
勝手,5
中学生,5
地,5
目的,5
突き飛ばす,5
払い,5
組み合う,5
帽子,5
踏みはずす,5
頸椎,5
むける,5
予定,5
通り,5
溶接,5
重,5
またぐ,5
甲骨,5
初日,5
腰掛ける,5
遊撃手,5
脳貧血,5
尻餅,5
め,5
外科,5
英語,5
中身,5
綱,5
就寝,5
洗面,5
エバーマット,5
乱れる,5
ガード,5
ブルペン,5
減速,5
凍結,5
着る,5
逆,5
申し出る,5
伝える,5
消し,5
棒引き,5
相談,5
保つ,5
可能,5
教壇,5
パネル,5
トップ,5
考査,5
出入り,5
土,5
築山,5
ダンベル,5
排泄,5
幹,5
ケガ,5
B,5
田んぼ,5
きく,5
保存,5
弾く,5
新聞紙,5
手甲,5
砂糖,5
近づける,5
止まれる,5
姿,5
ごみ,5
一斉,5
揚げる,5
カップ,5
葉,5
スコップ,5
ガス,5
花,5
制,5
レバー,5
伸びる,5
写真,5
下足,5
わき,5
境,5
犬,5
踏みつける,5
つっこむ,5
エッジ,5
波,5
まわす,5
積み木,5
後ずさる,5
化学,5
防具,5
いたずら,5
下車,5
かえる,5
絵本,5
ガーゼ,5
飛び乗る,5
打ち上げる,5
飯ごう,5
覗く,5
北側,5
寄りかかる,5
必要,5
戸外,5
撮る,5
カレー,5
池,5
動き出す,5
絡む,5
見せる,5
マス,5
つくる,5
抱きつく,5
知らせる,5
教材,5
診察,5
中段,5
軍手,5
すき間,5
勉強,5
シューズ,5
重み,5
ステップ,5
付着,5
アンカー,5
留め,5
巻き,5
装置,5
囲う,5
後続,5
失神,5
ぶる,5
積む,5
洗浄,5
員,5
はめる,5
粘土,5
股,5
飾り,5
走り,5
手当,5
バンド,5
横たわる,5
振り,5
提出,5
ほお骨,5
半月,5
熱中,5
実技,5
レーン,5
寝転がる,5
橈骨遠,5
膝蓋骨,5
腓骨,5
返る,5
異物,5
経つ,5
刀,5
彫刻,5
得る,5
水晶,5
長縄,5
座り,5
ねじれる,5
杭,5
取り除く,5
教職員,5
凶行,5
不自然,5
交互,5
疾走,5
沈む,5
内股,5
駆けつける,5
ひねり,5
くも膜,5
示指,5
環,5
用いる,5
人指し指,5
スライド,5
時刻,5
椎,5
ピストル,4
鳴らす,4
片側,4
短距離,4
乗用車,4
暴力,4
笑う,4
箸,4
隙,4
待ち時間,4
アーム,4
圧力,4
ひじ,4
２つ,4
問いかける,4
襲う,4
劇,4
仕事,4
喪失,4
離,4
バイク,4
接合,4
根,4
簡易,4
開催,4
主,4
流動,4
くぼむ,4
反転,4
跳ね,4
最初,4
ストック,4
休養,4
しゃがみこむ,4
足りる,4
死球,4
渡し,4
飛びかかる,4
奪い合う,4
HR,4
かたち,4
決勝,4
ウェイトトレーニング,4
材,4
ギア,4
コンクリートブロック,4
樹木,4
駆け込む,4
おりる,4
汲む,4
登山,4
とばす,4
緩やか,4
制服,4
勢,4
前側,4
灯,4
ろう,4
単元,4
衣服,4
鉄柵,4
構内,4
転げ落ちる,4
腕立て伏せ,4
サークル,4
飛び出る,4
投,4
くらむ,4
反射,4
走り去る,4
放り出す,4
別れ,4
押し出す,4
かなり,4
上着,4
バッド,4
ずらす,4
亜,4
発展,4
無くなる,4
点灯,4
現地,4
クールダウン,4
そらす,4
視線,4
成功,4
手本,4
工場,4
運動公園,4
引き戸,4
不自由,4
記念,4
そこなう,4
放つ,4
コンクール,4
番目,4
こおる,4
借りる,4
所属,4
奪い合い,4
フラッグ,4
対面,4
ピンポン,4
傍,4
結露,4
底面,4
帰,4
締める,4
いさかい,4
乗車,4
ロード,4
暑い,4
会う,4
おもり,4
弱い,4
植,4
夢中,4
絵,4
盗塁,4
早退,4
張り合う,4
潜る,4
帰り道,4
おさまる,4
怒り,4
境目,4
攻防,4
バチ,4
撮影,4
おこす,4
余り,4
けがす,4
寄せる,4
構え,4
設定,4
野手,4
太陽,4
ヒット,4
しろい,4
子ども,4
競う,4
活,4
フェイント,4
どく,4
医,4
掲示,4
応じる,4
座席,4
プロレス,4
制止,4
屋外,4
試す,4
乱打,4
出会い頭,4
観戦,4
示す,4
近隣,4
注ぐ,4
燃える,4
溶かす,4
口角,4
フライパン,4
こぼす,4
打ち切る,4
桟,4
金網,4
急激,4
鈍い,4
留める,4
ダンボール,4
つき,4
新入生,4
小雨,4
空気,4
残す,4
木の根,4
滑らす,4
茹でる,4
昇る,4
かけあい,4
刃先,4
口げんか,4
でる,4
ナイフ,4
靱帯,4
沸かす,4
かむ,4
折り返す,4
スケーター,4
持ち出す,4
もつ,4
ヵ所,4
ひっぱる,4
かけ,4
あける,4
中間,4
燃え移る,4
投入,4
こうもり,4
真下,4
拾い上げる,4
遮る,4
桜,4
細い,4
子供,4
あて,4
のぼり,4
加熱,4
移す,4
薪,4
持参,4
ジャージ,4
面部,4
門扉,4
枚,4
踏み切り,4
ケロイド,4
勧める,4
凹凸,4
積み上げる,4
すりガラス,4
つば,4
はね返る,4
削ぐ,4
預かる,4
幼稚園,4
ハウス,4
材料,4
踏み台,4
プレート,4
汁,4
突き抜ける,4
植える,4
園芸,4
北,4
舎,4
バス停,4
集積,4
泣き声,4
リフト,4
凧,4
カッター,4
慣れる,4
のぼる,4
針,4
被服,4
はずれ,4
充血,4
点火,4
向かい合う,4
種,4
１つ,4
投げ飛ばす,4
ホース,4
助け,4
求める,4
鎌,4
調子,4
速度,4
花火,4
肋木,4
植物,4
野菜,4
踏ん張る,4
流血,4
伝う,4
近付く,4
味噌汁,4
歩道橋,4
まく,4
踏み切る,4
解く,4
毎,4
からだ,4
梁,4
帰り支度,4
合間,4
立ち上がり,4
ターゲット,4
バード,4
太鼓橋,4
あいさつ,4
交差,4
たこ,4
使い方,4
綱引き,4
仕切り,4
スプリング,4
腕相撲,4
移植,4
内容,4
車両,4
収納,4
小脳,4
旗,4
酸素,4
度目,4
巡視,4
羽,4
そこねる,4
高め,4
ストレート,4
プラスティック,4
エスカレート,4
計画,4
飛球,4
竹とんぼ,4
ささる,4
パートナー,4
跳ね返り,4
太い,4
ディフェンダー,4
づらい,4
尖る,4
弁当,4
変,4
申し出,4
陥る,4
ポイント,4
なくす,4
突き出す,4
通す,4
疑い,4
反る,4
挿入,4
低め,4
角材,4
脱力,4
診療,4
道部,4
体育館前,4
消毒,4
居合わせる,4
折りたたむ,4
点,4
化,4
後遺症,4
重度,4
穿孔,4
日間,4
萎縮,4
裂孔原,4
容態,4
脳症,4
㎞,4
屈曲,4
具合,4
中止,4
侵入,4
立ち上がれる,4
半,4
板材,4
列車,4
インターバル,4
押し込む,4
ビート,4
いびき,4
メーカー,4
吐気,4
不調,4
通院,4
軽度,4
尾骨,4
遠のく,4
スクワット,4
腰痛,4
裁断,4
息苦しい,4
教頭,4
ボキッ,4
せき髄,4
拘る,4
縮,4
三角巾,4
ウエイト,4
突き指,4
化膿,4
はしご,4
あぐら,4
事前,3
出発,3
撃つ,3
栓,3
食欲,3
間近,3
大声,3
ダイレクト,3
保育園,3
気温,3
計,3
胴上げ,3
つつく,3
耳元,3
学生,3
紹介,3
半面,3
はらう,3
所定,3
足場,3
物理,3
洗い,3
いれる,3
緩い,3
組立,3
忘れ物,3
リンパ,3
引き,3
つる,3
叫ぶ,3
四方,3
頭骨,3
㎏,3
線路,3
身支度,3
たまる,3
しがみつく,3
掃く,3
スケートリンク,3
コップ,3
腎,3
カラー,3
首筋,3
重症,3
生,3
スライダー,3
守り,3
突き上げる,3
人数,3
販売,3
汗,3
春,3
周回,3
足技,3
す,3
サボテン,3
クランク,3
動揺,3
なぐる,3
背中合わせ,3
バーベキュー,3
コール,3
備える,3
予想,3
翌月,3
乱,3
切削,3
出過ぎる,3
空き缶,3
スポーク,3
民家,3
ワックス,3
駆け出す,3
下段,3
マウス,3
取りあう,3
話しかける,3
下山,3
会館,3
アイスホッケー,3
しら,3
出会い,3
安定,3
ふり,3
受け渡し,3
球体,3
転送,3
速攻,3
許可,3
脅す,3
リンク,3
差しかかる,3
後尾,3
オムツ,3
けす,3
にる,3
髪,3
U,3
小学生,3
猫,3
着ける,3
イレギュラーボール,3
鍛える,3
フロアー,3
見通し,3
白線,3
シートベルト,3
短い,3
過ぎ,3
きん,3
ぞう,3
円陣,3
ロイター,3
亀裂,3
奥歯,3
日光,3
折れ曲がる,3
実践,3
風呂,3
ふさがる,3
スクーター,3
記入,3
冗談,3
量,3
振れる,3
前屈み,3
チェック,3
ラクロス,3
セメント,3
鞄,3
身長,3
試し,3
担ぐ,3
ころぶ,3
のる,3
イス,3
スカート,3
ぽい,3
ロングパス,3
ボタン,3
忘れる,3
抜歯,3
ボランティア,3
あく,3
こぎ,3
急斜面,3
間違える,3
春季,3
終る,3
河川敷,3
効く,3
巻き上げる,3
空く,3
不具合,3
ずり落ちる,3
繋ぐ,3
振りほどく,3
だめ,3
伏せる,3
フォロー,3
長距離,3
日曜日,3
リズム,3
レントゲン,3
太鼓,3
うち,3
隊員,3
上側,3
寝転ぶ,3
覗き,3
学芸,3
フラ,3
フープ,3
大車輪,3
見上げる,3
落馬,3
傾ける,3
被さる,3
一周,3
学,3
空き,3
被災,3
フットボール,3
出し物,3
砕ける,3
接す,3
とうしろ,3
外部,3
施錠,3
すぎ,3
脇道,3
密集,3
小学校,3
感情,3
チョーク,3
講師,3
全速力,3
つながる,3
暇,3
どおり,3
ファウルフライ,3
折り畳む,3
ぬかるむ,3
寸前,3
タグ,3
随意,3
まねごと,3
くう,3
お腹,3
近所,3
予鈴,3
炎症,3
環境,3
起立,3
くぐり抜ける,3
広げる,3
新しい,3
黒い,3
容器,3
試験管,3
ビデオ,3
別れる,3
コンロ,3
のべる,3
台座,3
はがれる,3
松葉杖,3
/,3
引き込む,3
展示,3
撤去,3
ひとつ,3
ジム,3
けい,3
挟み撃ち,3
足掛け,3
じゃがいも,3
エスカレーター,3
受け,3
図書館,3
確かめる,3
天窓,3
木片,3
ソファー,3
折り返し,3
㎝、,3
ビーカー,3
割り箸,3
向,3
消火栓,3
時計,3
うさぎ,3
傾,3
当て,3
鑑賞,3
計測,3
左前,3
演奏,3
黙る,3
ワーク,3
中休み,3
キャスター,3
のぞく,3
空き地,3
介,3
立,3
木の実,3
掲示板,3
水槽,3
とがる,3
正座,3
腿,3
接種,3
冷える,3
お玉,3
入り,3
束ねる,3
ねじる,3
橈,3
治癒,3
運,3
かつぐ,3
リーグ,3
目尻,3
がる,3
貸す,3
揺する,3
白い,3
つなぎ,3
ホット,3
流し台,3
たたき,3
木の下,3
飛散,3
加湿,3
カー,3
四つん這い,3
長,3
べっ甲,3
刈る,3
稲,3
稲刈り,3
あやまる,3
治る,3
見送る,3
返し,3
過度,3
おかず,3
もどる,3
アイロン,3
前部,3
縫う,3
上昇,3
設営,3
蛍光,3
局所,3
認定,3
ソフト,3
温める,3
ピロ,3
ジャンパー,3
手当て,3
狂う,3
不足,3
側臥,3
少ない,3
洗い場,3
入室,3
石灰,3
切りつける,3
生地,3
脛,3
温,3
高温,3
スープ,3
乳,3
調,3
庫,3
よろめく,3
戦い,3
､,3
オトガイ,3
のけぞる,3
ハサミ,3
バク,3
がん,3
かぶせる,3
期末,3
進,3
船,3
まとめ,3
もがく,3
すり,3
ラップ,3
問題,3
心身,3
混む,3
ほぐす,3
出来上がる,3
のぞき込む,3
重心,3
食堂,3
DF,3
とめる,3
会議,3
連れ出す,3
荷重,3
アウト,3
ロードレース,3
囲い,3
プリント,3
着手,3
ふたり,3
縫合,3
－,3
制御,3
食後,3
見立てる,3
影,3
はみ出す,3
粉砕,3
組織,3
健康,3
グラインダー,3
混ぜる,3
橈骨尺,3
閉じる,3
車線,3
ホワイト,3
術,3
形成,3
はじめ,3
ベット,3
内角,3
弾む,3
敵,3
警報,3
遮断,3
ものさし,3
転がす,3
腫脹,3
質問,3
コンタクトレンズ,3
押さえ込む,3
検定,3
羽根,3
トラップ,3
基本,3
プッシュ,3
打ち込む,3
参観,3
知る,3
弓矢,3
固め,3
ロケット,3
コンタクト,3
わら,3
出席,3
加療,3
静か,3
知的,3
眼底,3
ラジオ,3
取っ組み合い,3
移行,3
障る,3
居室,3
押さえ,3
ターザンロープ,3
結び目,3
中腰,3
真上,3
自室,3
毎日,3
発射,3
当初,3
切り株,3
フライス盤,3
見え,3
ロボット,3
進める,3
対角線,3
給水,3
林,3
対外,3
飲み物,3
除草,3
試技,3
整形,3
道場,3
文字,3
鳥,3
影響,3
裂孔,3
震盪,3
陳,3
特発,3
焦点,3
レース,3
荒い,3
個人,3
掛け合い,3
器械,3
恐怖,3
跳馬,3
もたれかかる,3
フットワーク,3
筋肉,3
互い,3
おさえる,3
背骨,3
いう,3
モール,3
ストップ,3
終盤,3
チアノーゼ,3
半周,3
競走,3
挫,3
東側,3
出現,3
心的,3
リハビリ,3
点検,3
解離,3
溺れる,3
しゃべる,3
じゅうたん,3
全開,3
体温,3
接続,3
細かい,3
記憶,3
冷たい,3
施行,3
伝わる,3
乗っかる,3
平泳ぎ,3
洞,3
復帰,3
切除,3
軟骨,3
漏出,3
飼育,3
表現,3
椎間板,3
橈骨頭,3
叢,3
押しつぶす,3
負ける,3
刃物,3
コンセント,3
かんな,3
振動,3
人差指,3
重り,3
不注意,3
降り,3
施す,3
既往,3
担架,3
期,3
死,3
じん臓,3
拍,3
頻る,3
膵損傷,3
這う,3
あらわれる,2
少年,2
人間,2
修正,2
退る,2
ボー,2
四角,2
朝露,2
旅行,2
ゴン,2
キーン,2
支度,2
採る,2
クライミング,2
突出,2
敷き詰める,2
演示実,2
験,2
絵の具,2
マイク,2
インターンシップ,2
指定,2
罹患,2
となり,2
雨水,2
のびる,2
先天,2
対人,2
人形,2
バタ,2
ストロー,2
つまる,2
目覚める,2
眩暈,2
廔,2
付属,2
飛び下りる,2
小耳,2
透明,2
外耳,2
頭蓋,2
轢く,2
鉄道,2
升,2
ワークス,2
解散,2
反らせる,2
常設,2
複雑,2
立て掛ける,2
隊列,2
併発,2
暖,2
訪れる,2
口内,2
赤み,2
スルー,2
飲み込み,2
摺り,2
裸足,2
駆け足,2
受講,2
替わる,2
不在,2
ウォーター,2
伝い,2
攻め込む,2
エラー,2
希望,2
突破,2
襟,2
真似事,2
高跳,2
収穫,2
T,2
巻込む,2
もらえる,2
撒く,2
ホック,2
ユニ,2
持ち上がる,2
切り替える,2
締め付ける,2
標識,2
円柱,2
叩き,2
変更,2
頂上,2
ゆする,2
くわえる,2
ピース,2
収まる,2
数学,2
円盤,2
行進,2
メン,2
採取,2
市民,2
エッヂ,2
冬,2
建設,2
ばたつかせる,2
行方,2
スノーボード,2
総体,2
休暇,2
向かい側,2
面す,2
傾姿勢,2
取手,2
かけあう,2
とびでる,2
えり,2
つま先,2
薄暗い,2
故障,2
差す,2
表示,2
振り付け,2
ふさぐ,2
迫る,2
ランチ,2
錬る,2
出せる,2
突っこむ,2
冬休み,2
気味,2
かざす,2
つきぬける,2
消灯,2
便座,2
でっぱる,2
受取る,2
挙,2
遊動円木,2
目隠し,2
うつむく,2
土間,2
バギー,2
直進,2
手放す,2
観る,2
医院,2
かわり,2
任せる,2
靴下,2
サイン,2
踊る,2
高等,2
手提げ,2
さげる,2
面白い,2
滑落,2
わき腹,2
並列,2
ゲ,2
ム,2
プレイ,2
打ち合わせ,2
草地,2
道幅,2
腰かける,2
浴びせる,2
ふう,2
ヤスリ,2
類,2
反れる,2
徐行,2
シャフト,2
創傷,2
範囲,2
街灯,2
いい,2
巡回,2
分担,2
ハイキング,2
せり合う,2
水しぶき,2
降雪,2
マーク,2
絡みつく,2
逆さま,2
脳神経,2
湿気,2
はねかえる,2
巻き付ける,2
前夜,2
ふき,2
放る,2
経る,2
併走,2
ルール,2
誤解,2
産業,2
スローイング,2
身動き,2
空,2
暴れる,2
馬術,2
差し掛かる,2
欄干,2
加速,2
パニック,2
配る,2
握り,2
走り込み,2
礼,2
終,2
声援,2
投げ捨てる,2
ダウン,2
ダメージ,2
存在,2
配水,2
鉄格子,2
朝食,2
公立,2
長靴,2
加減,2
成長,2
食いしばる,2
出っ張る,2
円筒,2
放課,2
引き離す,2
傾斜,2
痛,2
抜かす,2
ネクストバッターズサークル,2
巴,2
レイアップシュート,2
聴く,2
ふりまわす,2
矯正,2
オリエンテーリング,2
インコース,2
投げ入れる,2
差し入れる,2
受けとる,2
水切り,2
異なる,2
水田,2
ロータリー,2
背走,2
叩きつける,2
制球,2
境界,2
私語,2
断る,2
医師,2
エレベーター,2
集い,2
下級生,2
修復,2
合奏,2
浸す,2
射出,2
かねる,2
ロビー,2
植木,2
裏側,2
役員,2
ずれ,2
散策,2
宝探し,2
ゴミ箱,2
突き当たる,2
不満,2
分け,2
ゆるい,2
ポケット,2
えぐれる,2
前半,2
緩む,2
金,2
屈筋腱,2
鋼,2
脳性,2
最大,2
風速,2
ガム,2
仕上げ,2
素早い,2
しまる,2
限,2
飛び跳ねる,2
積木,2
ジェット,2
無視,2
くっつける,2
中園,2
明け,2
㎝),2
ラーメン,2
抜き,2
入,2
溶ける,2
将棋倒し,2
腰掛,2
ベニヤ板,2
威嚇,2
常用,2
ぶた,2
ガラスケース,2
いざこざ,2
腰板,2
つなぎ目,2
十字,2
敷居,2
歩き回る,2
夏,2
炊事,2
木刀,2
茶碗,2
組み立て,2
リヤカー,2
チョコレート,2
用意,2
払いのける,2
プレハブ,2
口脇,2
聞き入れる,2
鎖,2
ウォーク,2
プログラム,2
泊,2
移住,2
雨よけ,2
跳びつく,2
よる,2
保冷,2
戸棚,2
ナトリウム,2
一般,2
硝酸,2
便,2
今度,2
やかん,2
オルゴール,2
アンモニア,2
翌々日,2
控える,2
掴まる,2
タンク,2
配線,2
区切る,2
学童,2
田,2
たらす,2
エタノール,2
銅,2
かま,2
カミソリ,2
ドス,2
細工,2
同夜,2
措置,2
走れる,2
リール,2
物置,2
世話,2
園内,2
集め,2
大,2
太,2
パンツ,2
服装,2
焼く,2
芋,2
校区,2
碑,2
逃げ回る,2
以後,2
盛り上がる,2
駆け抜ける,2
ごま,2
出合い頭,2
直角,2
エアー,2
仲,2
ごてる,2
はんだ,2
区域,2
フライドポテト,2
釜戸,2
落とし,2
思い,2
俵,2
エンドライン,2
換気,2
格子,2
リア,2
外出,2
まゆ,2
欲しい,2
かわる,2
牛乳パック,2
目下,2
歳,2
表皮,2
争う,2
うどん,2
どんぶり,2
ポテト,2
みそ,2
ズック,2
ぶつ,2
揺れ,2
ケイ,2
ドロ,2
補充,2
のばす,2
つめる,2
噴霧,2
燃焼,2
ビル,2
店,2
しなう,2
逆立ち,2
通園,2
コンビ,2
立ちあがる,2
見守る,2
すれ違い,2
浅い,2
青い,2
エア,2
鉄砲,2
カマ,2
はめ込み,2
不十分,2
寄り,2
浸かる,2
切り返す,2
もみあう,2
疑う,2
スクイズ,2
おとす,2
トレイ,2
湯煎,2
あそぶ,2
支持,2
びをしていたところ,2
テレビ,2
便所,2
傷つく,2
引き出し,2
引掻く,2
飛びこむ,2
そびれる,2
トレー,2
カギ,2
室外,2
はじける,2
押しつける,2
張り,2
手の平,2
火薬,2
転げる,2
そ,2
ぶり,2
なれる,2
初め,2
咲く,2
落とし物,2
きれい,2
栽培,2
ウサギ,2
交替,2
鴨居,2
ヘディングシュート,2
ホウキ,2
草刈,2
追いつける,2
はん,2
炊,2
出会う,2
あわせる,2
浴槽,2
打ち出す,2
振り落とす,2
正常,2
火の粉,2
割り込む,2
年長,2
藤棚,2
｢,2
鉢,2
うける,2
弱,2
消火,2
プラットホーム,2
優先,2
毛布,2
水泡,2
震え,2
水疱,2
長座,2
泣き,2
走り出る,2
持ち物,2
蒸発,2
酸,2
スチール,2
高所,2
やり方,2
クッキング,2
体感,2
全て,2
瞬発,2
高める,2
部外,2
高校生,2
談笑,2
細菌,2
取り替える,2
替え,2
駅員,2
肌,2
木琴,2
とも,2
おおう,2
増やす,2
在籍,2
鋭利,2
葉っぱ,2
スト,2
不適切,2
めくる,2
飛び上がる,2
こもる,2
重たい,2
折り曲げる,2
絵かき,2
くるぶし,2
要求,2
備え付ける,2
裏門,2
うるさい,2
エビ,2
かれる,2
出掛ける,2
動物,2
潜り込む,2
ドングリ,2
汚れ,2
埋め込む,2
多く,2
頼む,2
招集,2
後列,2
ビデオカメラ,2
選手権,2
組み立てる,2
草むしり,2
めくれる,2
昔,2
冷やかす,2
サンダル,2
アキレス腱,2
ロングティーバッティング,2
とう骨,2
凍傷,2
大縄,2
眠る,2
コンパートメント,2
右寄り,2
多発,2
攻守,2
メーター,2
引っ掛かり,2
ゆでる,2
救助,2
方面,2
クラブハウス,2
失す,2
脱,2
一段,2
リュックサック,2
男性,2
白玉,2
トーチ,2
リハーサル,2
散水,2
剥脱,2
跡,2
切開,2
層,2
磨き,2
硫酸,2
競い合う,2
窓辺,2
回り込む,2
アイシング,2
トーチトワリング,2
袖,2
肥厚,2
小型,2
鼠径,2
遊園,2
正中,2
上向き,2
両端,2
高,2
ほか,2
達す,2
同好,2
暴言,2
誰か,2
打ち上げ花火,2
中継,2
海岸,2
ストローク,2
L,2
プロテクター,2
回戦,2
命中,2
コマ,2
ドライアイス,2
思い込む,2
外灯,2
防備,2
時速,2
水球,2
魚釣り,2
小枝,2
鼓笛,2
束,2
たためる,2
馬乗り,2
招待,2
パチンコ,2
放置,2
からい,2
かすむ,2
思いつく,2
演舞,2
争奪,2
バイト,2
主軸,2
技能,2
研磨,2
上手,2
夏期,2
立腹,2
塊,2
握り拳,2
始め,2
ｍｍ,2
親善,2
突入,2
おろす,2
案内,2
取り掛かる,2
つ折り,2
はたく,2
振り子,2
鮮明,2
遊歩道,2
揉み合う,2
入場,2
柔らかい,2
胴,2
涙,2
パンチング,2
変化球,2
鋭角,2
寮内,2
フィルム,2
草取り,2
祭り,2
指摘,2
入りこむ,2
冊子,2
白,2
金槌,2
尋ねる,2
現在,2
支点,2
白っぽい,2
画鋲,2
円形,2
謝る,2
著しい,2
はじき返す,2
狙う,2
チャージ,2
弦,2
藁,2
女性,2
㎏）,2
スロー,2
被る,2
はれる,2
手裏剣,2
ペン,2
砲丸投げ,2
日頃,2
布製,2
高揚,2
タッチライン,2
コーナーキック,2
定まる,2
修理,2
強,2
わく,2
通う,2
アルティメット,2
普通,2
ボールペン,2
カ所,2
平ら,2
彫る,2
素材,2
分度器,2
やわらぐ,2
頻繁,2
アクリル,2
嘔気,2
かかわる,2
損じる,2
持ち直す,2
切り落とす,2
やぶる,2
藪,2
体位,2
巻,2
気絶,2
締まる,2
送り,2
描く,2
実戦,2
マウンド,2
ちょう,2
粒,2
脳外科,2
くくる,2
男女,2
悪天候,2
さん,2
調べる,2
ビン,2
予測,2
出動,2
仕草,2
ゆるやか,2
水滴,2
学部,2
のろい,2
挙げる,2
妨げる,2
相当,2
視る,2
どんぐり,2
麻,2
両者,2
自覚,2
挿す,2
続発,2
結膜,2
絡膜断,2
演劇,2
寝そべる,2
大腸菌,2
発症,2
渡り,2
押し上げる,2
失禁,2
脳幹,2
飛込み,2
キロ,2
投げ込む,2
頸髄損,2
主任,2
合戦,2
不審,2
借用,2
立ち寄る,2
屈し,2
しんどい,2
崩れ,2
こなす,2
足す,2
明かり,2
むかで,2
頷く,2
握力,2
スムーズ,2
辛い,2
寄り掛かる,2
レフェリー,2
槽,2
かきだす,2
薬,2
張り出し,2
泡,2
バンク,2
Ｍ,2
骨髄,2
買う,2
難しい,2
喘鳴,2
痰,2
緊張,2
地域,2
浄化槽,2
因,2
かく,2
負け,2
震える,2
抱き上げる,2
かけ合う,2
胴体,2
決まる,2
動脈,2
呂律,2
閉塞,2
様々,2
理由,2
走路,2
返答,2
表,2
開会,2
振り出す,2
背筋,2
ポ,2
場外,2
逃れる,2
知覚,2
定期,2
ヘビ,2
農作業,2
農家,2
プレイヤー,2
対象,2
表情,2
呈す,2
出番,2
海外,2
四つんばい,2
発進,2
おう吐,2
療法,2
m×,2
きつい,2
不眠,2
帰路,2
腰骨,2
刈,2
ゆるむ,2
日陰,2
重量,2
チェンジ,2
手先,2
反らす,2
脱水,2
持ち込む,2
館内,2
ファイル,2
そり,2
跳べる,2
取り組み,2
土俵,2
くずれる,2
思い出す,2
ヘリコプター,2
トライアル,2
フラッシュ,2
破れる,2
落石,2
校長,2
うなる,2
窒息,2
車内,2
明,2
著い,2
遊離,2
長期,2
剥がれる,2
脳出血,2
最寄り,2
頸椎捻,2
ヘルニア,2
クモ,2
原,2
イメージ,2
びまん,2
索,2
水平,2
及び腰,2
あおむける,2
やってくる,2
漁場,2
ノコ,2
専門,2
もち,2
スピーカー,2
裏面,2
山道,2
鉋盤,2
よじる,2
週末,2
挟み込む,2
ごろ,2
公開,2
ポリッシャー,2
もどす,2
ネジ,2
新聞,2
発車,2
路線,2
関心,2
油圧,2
浮かせる,2
ロール,2
ｋｇ,2
コミュニケーション,2
歯車,2
挫滅,2
洗濯,2
民泊,2
牛舎,2
後ろ手,2
板の間,2
そえる,2
乾草,2
農場,2
DIP,2
基,2
示指切,2
舟,2
場合,2
急所,2
守,2
肋骨,2
引き継ぐ,2
法,2
フィールド,2
なり手,2
見開く,2
思い切る,2
血圧,2
おしり,2
がく,2
胆のう,2
柔軟,2
精密,2
白目,2
風通し,2
演習,2
生殖,2
露出,2
肥大,2
合併症,2
カテコラミン,2
誘発,2
膵臓,2
払腰,2
開口,2
変換,2
ふだん,2
もる,2
橈尺骨,2
装具,2
ガ,2
クン,2
梯子,2
転回,2
レッスン,2
仲間はずれ,1
悩む,1
関係,1
おきる,1
聴こえる,1
クラクション,1
インターネット,1
書き込み,1
発端,1
居眠り,1
意味,1
素直,1
父親,1
がかる,1
一定,1
温度,1
平手打ち,1
レイキ,1
タフロンテープ,1
専門医,1
耳鼻,1
スタンバイ,1
アタッカー,1
プチッ,1
力む,1
朝顔,1
鋏,1
講義,1
圧縮,1
断熱,1
発火,1
止む,1
突,1
ばた足,1
オニ,1
手順,1
流行,1
耳下腺炎,1
利く,1
前年,1
手帳,1
見込み,1
受け手,1
お昼,1
舟形,1
観劇,1
ホイッスル,1
鳴り,1
スクーリング,1
ろうと,1
内耳,1
かけ声,1
伝,1
既存,1
物体,1
装用,1
補聴器,1
閉鎖,1
全般,1
小骨,1
枕木,1
済む,1
インターチェンジ,1
腐食,1
配置,1
苦手,1
蝉,1
海水浴,1
ブレード,1
趾付,1
大勢,1
趾末節,1
囲炎,1
平熱,1
扁桃周,1
敗血症,1
来たす,1
深部,1
溶連菌,1
膿胸,1
血栓,1
軟口蓋,1
静脈,1
ヒーター,1
ブライト,1
揺り返し,1
手摺,1
ポータブル,1
畳む,1
不便,1
ぬる,1
バックミラー,1
嚥,1
嚥下,1
肺炎,1
咀嚼,1
ヒューム,1
下水道,1
ころがす,1
かげ,1
認識,1
余暇,1
妹,1
中学,1
百足,1
アイススケート,1
歯ぐき,1
氷上,1
チャンス,1
温水,1
悪ふざけ,1
ほしい,1
ブーツ,1
セービング,1
あびる,1
徹す,1
けた,1
くい込む,1
みつける,1
リ,1
乗,1
大変,1
窪む,1
スニーカー,1
画面,1
びをしていたが,1
崩し,1
のめり込む,1
戸締り,1
継ぐ,1
印刷物,1
嫌がらせ,1
いじめる,1
教務,1
びをしていたとき,1
この間,1
製造,1
フォーメーション,1
支台歯,1
力不足,1
製図,1
起伏,1
トンネル,1
路地,1
迂回,1
わきの下,1
塗りたて,1
文鎮,1
い,1
つむ,1
林道,1
積もる,1
ハーモニカ,1
鍵盤,1
鼓笛隊,1
立ち木,1
なおす,1
振るう,1
幼虫,1
用水,1
蛍,1
知らん顔,1
さび,1
うく,1
艇庫,1
並,1
ファールチップボール,1
他者,1
しそこなう,1
刺殺,1
連係,1
主治医,1
マンツーマン,1
耳障り,1
ローラースケート,1
でこぼこ,1
砂防,1
街路,1
ウレタン,1
コンビニ,1
買い物,1
アコーディオン,1
臥,1
隠す,1
青,1
つっかかる,1
ノルマ,1
世界,1
地図,1
仮装,1
薄れる,1
連打,1
はみ出る,1
巻きこむ,1
灰色,1
車体,1
跳び越す,1
おどる,1
庭石,1
後戻り,1
っぽい,1
のど,1
自慢,1
めり込む,1
退場,1
キャチボール,1
サブ,1
習中,1
映る,1
フルスイング,1
スキーヤー,1
しかける,1
目測,1
スチロール,1
発砲,1
地下道,1
自学自習,1
組立て,1
パソコン,1
スノーボーダー,1
夜道,1
天体,1
観測,1
校生,1
差し出る,1
死骸,1
スピードアップ,1
松ぼっくり,1
レーキ,1
後かたづけ,1
こぼれ,1
ワンマン,1
ランス,1
大雨,1
急停車,1
品,1
贈る,1
ワンバウンドキャッチボール,1
崖,1
浮かび上がる,1
咬傷,1
真後ろ,1
まつり,1
至る,1
宿,1
民宿,1
足かけ,1
まとも,1
とりあげる,1
どかす,1
司令,1
あずかる,1
巾着,1
うちつける,1
ミット,1
短め,1
バイパス,1
ニヤッ,1
後口,1
タッチフット,1
キックオフ,1
本格,1
共,1
悴む,1
小,1
スモールスモールヒル,1
ランディングバーン,1
平面,1
馬鹿,1
段上,1
試走,1
二塁手,1
浮き上がる,1
必死,1
ラットプルダウン,1
納める,1
杖,1
ビックバレー,1
今回,1
横目,1
紙芝居,1
読み手,1
はし,1
はやい,1
班長,1
形態,1
前列,1
ガット,1
終業,1
すべて,1
使える,1
門歯,1
物語,1
股下,1
とおせる,1
ぼる,1
もよおす,1
左寄り,1
クラウンド,1
出くわす,1
因縁,1
堤防,1
湖,1
激怒,1
傷み,1
デットボール,1
上中切,1
中切,1
往来,1
途切れる,1
衝動,1
覚める,1
ジャガイモ,1
話し合う,1
てっぺん,1
フットベース,1
整える,1
進み出す,1
乗れる,1
働く,1
定める,1
遠心,1
スコア,1
ハーフパイプコース,1
中腹,1
インタビュー,1
国民,1
インターハイ,1
欠落,1
整地,1
下切,1
兼,1
騎乗,1
風雨,1
バルコニー,1
うつぶす,1
差し掛る,1
横壁,1
休止,1
抱き合う,1
感謝,1
演じる,1
うい,1
紛失,1
歯髄,1
オート,1
忘れ,1
退出,1
就労,1
習慣,1
加勢,1
あり,1
切り替え,1
現時点,1
発達,1
過剰,1
適切,1
違反,1
打,1
創作,1
開き,1
市長,1
杯,1
想定,1
不正,1
事情,1
入れ直す,1
くるまれる,1
駅前,1
垂らす,1
独歩,1
洋式,1
青信号,1
はかる,1
球場,1
凸凹,1
コバチ,1
手放し,1
デイフェンス,1
塾,1
軽口,1
外そう,1
ドッヂビー,1
凹む,1
想像,1
円卓,1
ファウルグラウンド,1
機具,1
攻め寄る,1
湿る,1
公道,1
アパート,1
ブース,1
みぞおち,1
くらくら,1
サウナ,1
涼む,1
露天風呂,1
バインダー,1
引き渡す,1
ほどく,1
標,1
予後,1
パドル,1
ラフティング,1
電信柱,1
パンク,1
噛みしめる,1
スナッグゴルフ,1
ドッジフリスビー,1
黄色,1
残雪,1
サッカーゴールネット,1
吸収,1
滑り出す,1
住宅,1
気球,1
火種,1
熱風,1
脱脂綿,1
火元,1
乳歯,1
切り口,1
防砂,1
おどす,1
故意,1
勝つ,1
視聴,1
ドーナツ,1
当該,1
捩れる,1
クローバー,1
四つ,1
おい,1
固まり,1
外壁,1
復旧,1
施工,1
タンポポ,1
混ざる,1
じょうろ,1
上皮,1
はめ込む,1
ガタガタ,1
ドアー,1
強力,1
コンベアー,1
ベルトコンベアー,1
終点,1
はがす,1
ノミ,1
像,1
暴発,1
歓迎,1
河川,1
着火,1
あまり,1
全日,1
東,1
流れ出す,1
血液,1
西,1
牽く,1
翼,1
傷跡,1
運び,1
目の下,1
小山,1
枝豆,1
農具,1
ゆとり,1
写す,1
煉瓦,1
さす,1
ゆであがる,1
お菓子,1
つかえる,1
天ぷら,1
煙突,1
ひっつく,1
衝立,1
日記,1
おどかす,1
かぎ裂き,1
ハンカチ,1
もつれ合う,1
肩掛け,1
下の田,1
自家用車,1
襲いかかる,1
飼う,1
連れ戻す,1
たたきつける,1
後逸,1
ヒビ,1
ルアー,1
水浸し,1
据え付ける,1
つき抜ける,1
切り裂く,1
側部,1
ダッグアウト,1
重し,1
サー,1
ファー,1
ボディー,1
いためる,1
ガスバーナー,1
山岳,1
霧雨,1
つかみかかる,1
噛む,1
寄宿,1
男の子,1
押入る,1
納まる,1
けり,1
デンプン,1
花園,1
除去,1
うる,1
おう,1
減らす,1
菜,1
知り合い,1
いちご,1
チョコ,1
湯せん,1
狩り,1
つれ,1
ティンパニー,1
打ち切れる,1
絡み合う,1
建具,1
雨具,1
禁止,1
校旗,1
塩化ビニール,1
うす焼き,1
玉子,1
スクリーン,1
ＯＨＰ,1
にごる,1
ぬく,1
災,1
習,1
近道,1
低温,1
冷罨法,1
途上,1
芸術,1
数,1
出し入れ,1
かぐ,1
臭い,1
蟻酸,1
噴出,1
塩,1
溶融,1
飛沫,1
タラップ,1
キャビン,1
ログ,1
迎え,1
タンバリン,1
食前,1
空間,1
丸焼き,1
掃き掃除,1
色鉛筆,1
つぐ,1
実,1
立ち尽くす,1
膨れる,1
釣,1
トイレットペーパー,1
ホルダー,1
出逢う,1
仕切,1
山の下,1
石材,1
余裕,1
フタ,1
酸化,1
カヌー,1
下船,1
浜,1
浜の,1
船底,1
臉,1
炊さん,1
縄飛び,1
吹き付ける,1
比べ,1
長時間,1
ペーパー,1
袖口,1
クロスボール,1
引き戻す,1
私服,1
盛土,1
おばけ,1
小高い,1
鉄筋,1
台所,1
乳児,1
間仕切り,1
膝掛け,1
プルークボーゲン,1
ロッジ,1
結膜炎,1
垂れる,1
腕まくり,1
あおぐ,1
平板,1
掘る,1
起し,1
くじく,1
梅林,1
花見,1
アルバム,1
大石,1
泥棒,1
警察,1
ｃm,1
授与,1
証書,1
レーザー,1
ＢＣＧ,1
BCG,1
パーク,1
水遊び,1
焚き火,1
ルウ,1
トロフィー,1
陳列,1
振子,1
くさび,1
飛び石,1
磨る,1
前回,1
骨幹,1
はりつく,1
デザート,1
揚油,1
フォーム,1
こびる,1
差し出す,1
待ち伏せる,1
掴み掛る,1
墓地,1
くっつく,1
蒸し器,1
トラベル,1
錆,1
孟宗竹,1
米,1
ナット,1
ガクッ,1
スリー,1
ラウンド,1
緩慢,1
オートバイ,1
ウインドウ,1
左隅,1
履,1
強引,1
非常勤,1
パズル,1
ひっくり返す,1
プラスチッック,1
引っ込める,1
打ち破る,1
突き進む,1
いも,1
さつまいも,1
冷凍,1
ポップコーン,1
ヤカン,1
手作り,1
紅,1
紅茶,1
掘り,1
箔,1
みそ汁,1
退ける,1
焚く,1
追いつめる,1
山の上,1
すませる,1
ジャンケン,1
ドン,1
植木鉢,1
リットル,1
中ごろ,1
挫減創,1
高学年,1
色付く,1
やって来る,1
雪投げ,1
切れ,1
事務所,1
建物,1
果物,1
追い掛ける,1
㎝）。,1
大破,1
食道,1
自暴自棄,1
ピッチャ,1
ハイパント,1
ＤＦ,1
ひび,1
学研,1
あつい,1
泊まり,1
爪跡,1
おこる,1
こわす,1
つみ,1
造形,1
遅番,1
抱っこ,1
マフラー,1
出勤,1
楽しむ,1
半数,1
ぐっさり,1
地中,1
ほっぺた,1
竹馬,1
駆けだす,1
祖母,1
薄い,1
ひき,1
とける,1
みみず,1
ロープウェー,1
つきとばす,1
ざけっこをしていた,1
風邪,1
懇談,1
まゆ毛,1
スパゲッティ,1
旅館,1
湯船,1
件,1
仰向く,1
コンテナー,1
また上,1
無傷,1
しのぶ,1
マウンテンバイク,1
バックル,1
もたせる,1
情緒,1
クレンザー,1
スポンジ,1
熱心,1
石鹸,1
様,1
℃）,1
できあがる,1
コーティング,1
バウムクーヘン,1
写生,1
もめん,1
原っぱ,1
探検,1
タコ,1
擦れる,1
食材,1
むき出し,1
水口,1
サッカーゴールポスト,1
ぬかるみ,1
合場,1
目前,1
図鑑,1
アイロン台,1
受け取り,1
手渡す,1
抜き出す,1
やり過ごす,1
いたす,1
床や,1
たいこ,1
上と下,1
落とせる,1
花瓶,1
揺さぶる,1
カーボン,1
サンドプラスト,1
デザイン,1
よろけ,1
出っぱる,1
締め金,1
持ち運ぶ,1
模擬,1
シャトルラン,1
ホールド,1
ドラフト,1
前髪,1
変色,1
排気,1
焦げる,1
済み,1
受け入れ,1
押し込める,1
材木,1
止る,1
製材,1
取らせる,1
そのため,1
引戸,1
暖める,1
温まる,1
アサガオ,1
グリーン,1
届ける,1
とびこむ,1
月行事,1
断面,1
プレイコート,1
フリ,1
振りかざす,1
セロテープ,1
つまむ,1
ガソリン,1
切り上げる,1
オリエンテーション,1
ぎや,1
ジーパン,1
焼きそば,1
サイクリング,1
目頭,1
せん,1
予,1
追随,1
おもい,1
エントランスドア,1
下敷,1
桶,1
ヒール,1
小太鼓,1
ブレーキキャリパー,1
抑制,1
曲がりくねる,1
荷掛,1
切れ目,1
かたまる,1
さます,1
さめる,1
歯みがき,1
もろ,1
嘴,1
パッド,1
かかわり,1
生長,1
｣,1
なべ,1
カレーライス,1
スタッフ,1
調理場,1
構造,1
削れる,1
スーパー,1
なみ,1
積載,1
帰着,1
クッキー,1
成型,1
搾る,1
粉,1
マーチングバンド,1
近回り,1
ドライヤー,1
包む,1
送り込む,1
洗顔,1
排便,1
発赤,1
適温,1
お鍋,1
所内,1
お迎え,1
カルタ,1
直線,1
カピバラ,1
噛みつく,1
ケトル,1
あたためる,1
ホウ,1
川底,1
微生物,1
採集,1
水質,1
隣席,1
作文,1
絵日記,1
日直,1
給湯,1
三旗,1
掲揚,1
バンコ,1
祈り,1
聖堂,1
ためる,1
ほこり,1
構成,1
日時計,1
車止,1
さっか,1
アルミホイル,1
白熱,1
電球,1
搬入,1
押し返す,1
青空,1
ボーゲン,1
ゆか,1
円盤投げ,1
中高,1
目盛り,1
鼻翼,1
部内,1
はんこん,1
ポロ,1
ブイ,1
代表,1
引き上げ,1
海上,1
選考,1
アルカリ性,1
カーペット,1
赤黒い,1
ます,1
乗り遅れる,1
去る,1
困る,1
寝坊,1
無意識,1
疲労,1
逆らう,1
湯沸かし,1
シャベル,1
おしゃべり,1
つねる,1
完成,1
ゆでこぼす,1
サラダ,1
スパイダーネット,1
カセット,1
タマネギ,1
広がる,1
木綿,1
染める,1
染め物,1
煮出し,1
衣,1
貫,1
カラン,1
学舎,1
臨海,1
全面,1
たたかう,1
両面,1
一本橋,1
散乱,1
点字,1
膨らむ,1
水底,1
潜水,1
屈腕前,1
突っ張る,1
工,1
金木,1
銅板,1
出歩く,1
ふさわしい,1
発言,1
転校,1
パート,1
ボーイ,1
たたむ,1
防災,1
ライター,1
脱出,1
奪取,1
だらけ,1
フロント,1
穏やか,1
ロウソク,1
乳母車,1
籐,1
応接,1
水はけ,1
壊す,1
Ｔシャツ,1
甘える,1
キープ,1
すずらん,1
焦る,1
バカ,1
朝会,1
組み合い,1
架かる,1
目がける,1
反り,1
冒険,1
クラゲ,1
遠泳,1
ソリ,1
初心者,1
規制,1
朝練,1
つぎ足す,1
メタノール,1
面する,1
ガラス張り,1
トマト,1
鉢植え,1
シンクロ,1
伴走,1
GK,1
念,1
ウッド,1
軽食,1
オブジェ,1
エス,1
結束,1
受渡し,1
綱渡り,1
物入れ,1
高圧,1
名札,1
逃げ出す,1
もめ事,1
伸び,1
通れる,1
版木,1
版画,1
くす玉,1
左内側,1
オーバーヘッドキック,1
保温,1
湯たんぽ,1
漏れる,1
エクササイズチューブ,1
持ち替える,1
切り忘れる,1
電源,1
畝,1
耕運機,1
造り,1
湯冷まし,1
パーツ,1
赤土,1
七夕,1
笹,1
温室,1
通気,1
ケン,1
ふえ,1
ビーチ,1
紙テープ,1
代わる,1
剥き出し,1
ひ骨,1
腓,1
ゅうじょうはんこん,1
創る,1
醜い,1
取り残す,1
テーマ,1
掲げる,1
前月,1
小便,1
全部,1
装飾,1
こん,1
凝視,1
ボウル,1
余分,1
縮こまる,1
縮める,1
食物,1
非常口,1
シンク,1
燃え広がる,1
心配,1
降り込む,1
斜,1
乳鉢,1
水溶液,1
腕前,1
死角,1
つぶる,1
背景,1
号令,1
援助,1
やり投げ,1
動画,1
分る,1
湿度,1
競輪,1
落車,1
巧,1
食器洗い,1
ボウリング,1
蝋,1
みたてる,1
お茶,1
舞,1
突き出る,1
C,1
バネ,1
喉頭,1
腔,1
シャ,1
プペンシル,1
強要,1
棒高跳,1
あふれ,1
めぐる,1
プリン,1
すねる,1
発着,1
とげ,1
お化け,1
アスレティック,1
切り替わる,1
手動,1
専用,1
原液,1
薄める,1
アイアン,1
フラスコ,1
ベンゼン,1
濃い,1
スコアボード,1
ひっ掻く,1
横すべり,1
頤部挫,1
症候,1
群,1
ハンバーグ,1
手鍋,1
料,1
調味,1
潰瘍,1
膿,1
難治,1
灯油,1
停る,1
通,1
橈骨神,1
経,1
創部,1
建,1
手提げ袋,1
赤信号,1
刺青,1
沈着,1
色素,1
なぐさめる,1
同伴,1
用事,1
衣類,1
窩織炎,1
蜂,1
しつける,1
左利き,1
折り目,1
縫い,1
はねのける,1
雪合戦,1
ビニルテープ,1
たん,1
挫創痕,1
コケ,1
神社,1
過酸化水素,1
てこ,1
バール,1
原理,1
応用,1
素足,1
話し声,1
平,1
立ち話,1
要員,1
シダ,1
フォア,1
いらいら,1
マグネット,1
タワシ,1
亀,1
催し,1
盛り上げる,1
スウィング,1
目掛ける,1
全国,1
張手,1
号泣,1
ふれあう,1
拒む,1
裏山,1
ジュース,1
ソーダ,1
飛行,1
紙袋,1
センタリング,1
物音,1
引ける,1
貸し借り,1
ジャンプスマッシュ,1
叱咤,1
平手,1
覇気,1
風下,1
マリ,1
釣竿,1
クイズ,1
押し付ける,1
ナイロン,1
からかい,1
書き,1
と列,1
いや,1
マスゲーム,1
なぎ倒す,1
樋,1
ツーバウンド,1
平行,1
投打,1
モーション,1
ランダウンプレー,1
テンプル,1
拒否,1
拳骨,1
あだ名,1
かがる,1
執拗,1
言い返す,1
アンダー,1
上端,1
振りかぶる,1
殺陣,1
順序,1
リボン,1
三遊間,1
他方,1
ドライブイン,1
しぐさ,1
常,1
最近,1
興味,1
とりかえる,1
ふきぬける,1
草花,1
マジック,1
Ｕターン,1
マレット,1
すき,1
つり橋,1
ふみ,1
おの,1
チャン,1
まつ,1
二つ,1
ツツジ,1
襟首,1
頂点,1
フットサルボール,1
積雪,1
直球,1
あらそう,1
棒状,1
図,1
違い,1
門前,1
かすみ,1
バナナ,1
ボート,1
石炭,1
ショット,1
受け皿,1
出窓,1
さるすべり,1
冷,1
切り出し,1
始まり,1
イモリ,1
救出,1
寝ころぶ,1
見にくい,1
丸まる,1
受け答え,1
ナイト,1
水路,1
放れる,1
フィルドワーク,1
ドッジビー,1
乱闘,1
流,1
中本,1
スポットライト,1
後夜,1
窩部,1
グリップエンド,1
投じる,1
掠める,1
セミナー,1
切端,1
うれしい,1
剣,1
広告,1
ローター,1
クエン,1
気体,1
水素,1
炭酸,1
発泡,1
かき,1
草の根,1
射つ,1
自作,1
あつめる,1
ユーカリ,1
取り払う,1
大木,1
指す,1
振り当てる,1
森,1
西側,1
物差し,1
突破口,1
吊るす,1
螺旋,1
反則,1
胸元,1
団長,1
席次,1
均す,1
ＯＢ,1
口喧嘩,1
否定,1
みつかる,1
出品,1
釘抜き,1
重大,1
ヤリ,1
膨張,1
コンパス,1
等しい,1
スリット,1
歩み板,1
ダミー,1
スパーク,1
君,1
期限,1
女,1
ゴザ,1
向い,1
昼寝,1
立回る,1
生き物,1
ミシン,1
縫製,1
間違う,1
箸箱,1
ヒーロー,1
ヶ月,1
不可能,1
意志,1
確立,1
ぶす,1
洗眼,1
珊,1
場面,1
チャック,1
裏返し,1
経験,1
放送,1
生還,1
遊選手,1
射る,1
セミ,1
イガ,1
栗,1
イン,1
ニス,1
塗る,1
段階,1
前後ろ,1
黒目,1
アウトドア,1
混戦,1
はね上げる,1
反論,1
ひと言,1
何気ない,1
採り,1
文句,1
小川,1
ふるう,1
シャープ,1
ハード,1
サイコロ,1
フェスティバル,1
FW,1
シャトルラントレーニング,1
５つ,1
サービス,1
リターン,1
かまえる,1
郊外,1
クロスプレイ,1
エリア,1
ドライ,1
凶器,1
当事者,1
館,1
同室,1
歩み寄る,1
録音,1
音声,1
おびる,1
投力,1
羽子板,1
奉仕,1
陣取り,1
フォークダンス,1
金づち,1
特設,1
改造,1
いじめ,1
ふりほどく,1
静まる,1
小突く,1
払い除ける,1
握りこぶし,1
突発,1
談話,1
つき刺さる,1
クロスカントリー,1
ランダウン,1
舞い上がる,1
ウェイティングサークル,1
見逃す,1
すくい上げる,1
川原,1
日程,1
ヘラ,1
接着,1
スチレンボード,1
エナメル,1
あい,1
コンピューター,1
爪痕,1
両方,1
交う,1
打てる,1
割りばし,1
過熱,1
クリアー,1
)。,1
熊,1
遭遇,1
キャンプファイヤー,1
h,1
詰める,1
遊撃,1
天蓋,1
マイボール,1
天文,1
かぶれ,1
パチッ,1
事業,1
林業,1
枝打ち,1
ジャンプタッチ,1
裏返る,1
ひろがる,1
投石,1
覚ます,1
ボ,1
ル,1
日曜,1
干す,1
NC,1
早め,1
狙い打つ,1
手打ち,1
向き直る,1
配,1
ジャッカル,1
矢筈,1
岩場,1
渓谷,1
mm×,1
ロボコン,1
情報,1
タリウム,1
中毒,1
混入,1
脱毛,1
飲料,1
アイシェード,1
ゴーグル,1
ジュラルミン,1
ラバー,1
引継ぎ,1
ちゃんばら,1
やり返す,1
へ,1
万力,1
スルーパス,1
強振,1
速球,1
どうし,1
内壁,1
得点板,1
目印,1
立て直す,1
連携,1
だし,1
サポート,1
ナイター,1
院,1
手入れ,1
やりとり,1
持ち主,1
消える,1
続き,1
手紙,1
配付,1
はずむ,1
口外,1
アクセサリー,1
千枚通し,1
浴場,1
スプリンクラー,1
ネクストバッター,1
備蓄,1
過る,1
PK,1
代用,1
持て余す,1
集結,1
パスミス,1
貫く,1
ファウルボーイ,1
秋季,1
スマ,1
ホ,1
さる,1
形跡,1
キッカー,1
結わえる,1
追い払う,1
形状,1
中傷,1
散らばる,1
とどまる,1
スコアラー,1
入れ替わる,1
相対,1
皿回し,1
たるむ,1
屋,1
郵便,1
屈む,1
打ち合う,1
張り手,1
込める,1
ドライバー,1
マイナス,1
作,1
協力,1
エール,1
だるい,1
増強,1
担う,1
松かさ,1
ブッシング,1
モニュメント,1
キーホルダー,1
カラビナ,1
おじぎ,1
赤,1
仲裁,1
得点,1
むかう,1
シューティング,1
海綿,1
血管腫,1
ジャンピングスマッシュ,1
太陽光,1
生物,1
腕時計,1
目線,1
セロハン,1
いたむ,1
ひきずる,1
穿通創,1
きり,1
はね上がる,1
眼前,1
ディスク,1
痺性散,1
視神経,1
滅菌,1
結,1
括約筋,1
外層,1
跳ね返す,1
らく,1
覚,1
フォワード,1
立ち合う,1
書道,1
胸倉,1
扼型眼,1
窩底骨,1
絞る,1
絵筆,1
画びょう,1
吊す,1
斜視,1
剝離術,1
まち針,1
針山,1
委縮,1
剝離,1
参考,1
同心円,1
圧症,1
勝ち抜き,1
増殖,1
成熟,1
障子,1
滲出,1
浮腫,1
折り紙,1
おかし,1
ちぐはぐ,1
脳血栓,1
暗幕,1
工夫,1
大腸,1
尿毒症,1
溶血,1
病原,1
食中毒,1
たすき,1
結びつける,1
誘因,1
唾液,1
溜まる,1
乾く,1
蓮田,1
Ｋm,1
上がれる,1
前約,1
自由形,1
良好,1
本来,1
あぶない,1
出身,1
掛け合う,1
合格,1
ヒ,1
出塁,1
準決勝,1
ダブルネルソン,1
フォール,1
ゴンドラ,1
一命,1
取り留める,1
わかる,1
遣い,1
耐久,1
自滅,1
支部,1
借り出す,1
書籍,1
潜む,1
要領,1
用紙,1
答案,1
募る,1
口調,1
自慰,1
作戦,1
失投,1
余勢,1
せり,1
ジャブ,1
クッション,1
付き添い,1
おむつ,1
たんこぶ,1
トライ,1
グキグキ,1
舌,1
クール,1
ＶＴＲ,1
ピット,1
スポーツドリンク,1
含軟式,1
つくり,1
通せんぼ,1
溶解,1
耐火,1
合成,1
レ,1
Ｒ,1
宅,1
引き返す,1
人生,1
助ける,1
浮かぶ,1
なじめる,1
学期,1
木立,1
本番,1
屈測定,1
戦中,1
騎,1
シャドーピッチング,1
切り返し,1
掛り,1
控室,1
風圧,1
巣,1
メール,1
浮輪,1
あがれる,1
ひきあげる,1
発する,1
転院,1
通称,1
くさり,1
闘い,1
問い質す,1
噂,1
威圧,1
殴りつける,1
市販,1
服用,1
隣室,1
回廊,1
堂,1
急変,1
病状,1
シングルス,1
線審,1
見本,1
戸口,1
とばっちり,1
制動,1
起きあがれる,1
売る,1
楽しい,1
どろんこ,1
吸引,1
年少,1
沐浴,1
雨漏り,1
団子,1
引き揚げる,1
点呼,1
監視,1
遊泳,1
姉,1
寝違える,1
肩胛骨,1
どる,1
犯行,1
通り魔,1
突き当り,1
救護,1
引き続く,1
膀胱,1
なり,1
傍観,1
夕刻,1
適宜,1
ケージ,1
集,1
態勢,1
審査,1
昇級,1
シャドウボクシング,1
リース,1
レフ,1
目眩,1
薄らぐ,1
むせる,1
鯉のぼり,1
指揮,1
預ける,1
かすれる,1
つり,1
回避,1
積極,1
ぎこちない,1
もやもや,1
ウィリス,1
トランペット,1
入部,1
月頃,1
病,1
終日,1
羽交締め,1
呼び寄せる,1
言い渡す,1
辞める,1
部長,1
泳ぎ,1
泳法,1
依頼,1
気付,1
受け取れる,1
アイスバーン,1
単独,1
城壁,1
混乱,1
病気,1
対岸,1
泳者,1
縛る,1
リハビリテーション,1
失速,1
難,1
就く,1
アウトサイドステップ,1
横倒し,1
テトラポット,1
岸壁,1
海中,1
アーチェリー,1
国道,1
死亡,1
命令,1
枠組み,1
王様,1
二股,1
雨粒,1
個々,1
通知,1
面談,1
うつろ,1
まばたく,1
北方,1
南方,1
鳴り出す,1
痺れ,1
辞書,1
閉会,1
キャプテン,1
願,1
徐,1
横たえる,1
血の気,1
突込み,1
行き,1
頭皮,1
みせる,1
D,1
中等,1
健,1
可,1
早,1
診る,1
踊場,1
毒,1
しめる,1
クーラー,1
入念,1
対策,1
逆手,1
バイタルサイン,1
フル,1
グキッ,1
混じる,1
称す,1
足音,1
垂れ幕,1
みかん,1
ペースト,1
先週,1
叩打法,1
重複,1
食べ物,1
泊り,1
温泉,1
ギブス,1
うすれる,1
不眠症,1
無抵抗,1
はじき飛ばす,1
交鎖,1
ホストファミリー,1
ホームステイ,1
宅内,1
飼い犬,1
浮上,1
圧し,1
ひと休み,1
書類,1
欠点,1
解消,1
受験,1
バンパー,1
ウルトラマン,1
アレルギー,1
カウザルギー,1
ツベルクリン,1
予診,1
食い込む,1
でんぶ,1
混雑,1
鎮静,1
起き上がれる,1
ダート,1
ロン,1
着衣,1
降り出す,1
くらう,1
倒込,1
咳,1
天気,1
港,1
湖岸,1
断続,1
バトンタッチ,1
点滴,1
幅跳び,1
フリース,1
一対一,1
不振,1
意欲,1
改札,1
ベニア,1
解体,1
頚骨,1
峠,1
戯れる,1
搭載,1
ヨーグルト,1
朝方,1
浣腸,1
眠り,1
鼻薬,1
詳しい,1
追い詰める,1
石垣,1
しゃべれる,1
額縁,1
飛び込める,1
けいこ,1
すかす,1
譜面,1
教科書,1
リュック,1
持ち,1
上し,1
座りこむ,1
スクワットジャンプ,1
バービー,1
腕立て,1
反す,1
意,1
慣らす,1
人権,1
仰ぐ,1
調べ,1
くり,1
心神喪失,1
述べる,1
未満,1
そぐ,1
印刷,1
スパイラル,1
リュージュ,1
不確か,1
驚かす,1
にらみ合う,1
引き下がる,1
ギプス,1
監禁,1
誘拐,1
ＰＴＳＤ,1
アトラクション,1
コースター,1
CRTD,1
建てる,1
肩口,1
ペナルティ,1
力尽きる,1
時代,1
立木,1
下痢,1
腸管,1
軟便,1
Ｏ１５７,1
少量,1
選ぶ,1
たくさん,1
メジャー,1
思い違い,1
腕力,1
頚動脈,1
痴漢,1
蛇行,1
見受ける,1
催す,1
前頭,1
でんぐり返し,1
とび出る,1
卓,1
降雨,1
だく,1
ふてくされる,1
ょばないです,1
叱責,1
響く,1
言動,1
不定,1
多汗症,1
悪夢,1
愁訴,1
聴覚,1
起床,1
過敏,1
SNS,1
アカウント,1
内緒,1
性的,1
家族,1
経口,1
投与,1
弱まる,1
通り道,1
厳しい,1
着水,1
失調,1
軽,1
右脳,1
起因,1
脱がす,1
手配,1
取り入れる,1
業務,1
パルスオキシメーター,1
数値,1
ちぎる,1
ウインナー,1
パン,1
ホットドッグ,1
頸椎環,1
TFCC,1
末梢,1
掴み合う,1
領域,1
押しのける,1
牛,1
肉牛,1
水深,1
取り換える,1
減少,1
むち打つ,1
混合,1
頸椎骨,1
デッド,1
同名,1
無くす,1
顆不全,1
殻,1
Y,1
線維,1
動静,1
奇形,1
下向き,1
水腫,1
肺,1
肘内,1
PTSD,1
実演,1
下垂,1
タンブリング,1
叉,1
前頭葉,1
胃痛,1
りんご,1
中期,1
刻む,1
離乳食,1
上手い,1
瓶,1
兄,1
カイロ,1
キュービクルフェンス,1
高圧線,1
灰皿,1
五指,1
オーバーハンド,1
コンベア,1
スクリュー,1
完了,1
残部,1
詰め込む,1
飼料,1
ブラ,1
マグロ,1
延縄,1
操業,1
交わす,1
揚,1
建築,1
企業,1
製品,1
指輪,1
偏る,1
鳥小屋,1
ベビー,1
吹き出す,1
くすり,1
正しい,1
腹いせ,1
仕上る,1
ざす,1
鉄骨,1
シャーニングマシン,1
排,1
除雪,1
充分,1
バスケットゴールネット,1
土留,1
へび,1
年度,1
継手,1
すそ,1
バリ,1
砥石,1
ヒノキ,1
ホバークラフト,1
モーター,1
試運転,1
正規,1
キー,1
錠,1
好き,1
木の間,1
積み,1
乗用,1
擦り付ける,1
押し開く,1
業者,1
拳銃,1
雷管,1
バイス,1
フルバック,1
落ち込む,1
灯火,1
さわる,1
磯,1
山肌,1
ＢＯＸ,1
ＰＩＰ,1
シンバル,1
三脚,1
絨毯,1
たたみかける,1
演台,1
講演,1
車止め,1
高じる,1
汚染,1
下がり,1
オン,1
きた,1
積込む,1
資源,1
パーソナル,1
夜露,1
ピペット,1
取りつける,1
バンドソー,1
二つ割り,1
ヒゴ,1
左きき,1
乗り移る,1
キャッチング,1
差し込む,1
掲載,1
もぐる,1
押,1
潰す,1
㎜,1
塗装,1
板金,1
四隅,1
薪割り,1
死ぬ,1
噴水,1
末端,1
後手,1
逃げだす,1
バルブ,1
字形,1
肉片,1
クロ,1
スプレー,1
セッティング,1
解除,1
こだわり,1
もぎ取れる,1
南京錠,1
ほじる,1
埋まる,1
掘り出す,1
掘り出せる,1
倍,1
潰れる,1
弛む,1
立ち去る,1
むき,1
ヘタ,1
リンゴ,1
包丁,1
進級,1
助手,1
工程,1
慎重,1
革,1
かけよる,1
ふき取る,1
バターン,1
稲作,1
美術館,1
ころがる,1
パンパン,1
抜け出る,1
たるみ,1
バーベルスクワット,1
吹き飛ぶ,1
バッタ,1
蛇,1
爪先,1
眺める,1
和紙,1
みの,1
刈り込む,1
梨園,1
脚立,1
藤蔓,1
合板,1
シャーリング,1
取り外す,1
探求,1
ノックマシーン,1
ローターベルト,1
インターアクトクラブ,1
ラジカセ,1
開き戸,1
多用,1
公民館,1
ホブ,1
名称,1
種類,1
ファスナー,1
F,1
寝かしつける,1
がわら,1
分ける,1
柿,1
肉,1
農機具,1
下草,1
葡萄,1
版,1
搬出,1
ノコギリ,1
出展,1
把握,1
要所,1
餌,1
スケッチ,1
灯篭,1
秋,1
笠,1
職業,1
こす,1
らせん,1
仕込み,1
利き手,1
詰まり,1
農産,1
食品,1
家具,1
マットレス,1
積み込み,1
プランターケース,1
床上,1
足つき,1
砕く,1
搾乳,1
視聴覚,1
圧,1
ドラム,1
マーチングドラム,1
ジーンズ,1
重なり合う,1
沖,1
船具,1
船内,1
落水,1
上げ,1
慣性,1
法則,1
タンス,1
サーフ,1
サーフィン,1
フィン,1
巻き付く,1
直立,1
壮行,1
くず,1
ぼう,1
創造,1
専攻,1
つがい,1
メカトロニクス,1
機体,1
ルーター,1
乗船,1
船舶,1
扱う,1
脱穀,1
尻尾,1
鉄扉,1
麺,1
ペグ,1
切り取る,1
畜産,1
フード,1
レインコート,1
両開き,1
凸,1
基部,1
指中,1
示指基,1
示指不,1
噛み付く,1
しり,1
PIP,1
ごみ捨て,1
焼却,1
足踏み,1
有る,1
唾,1
捕獲,1
河原,1
魚,1
チームメート,1
コック,1
罰,1
肛門,1
輪番,1
おおい,1
寒稽古,1
納会,1
離合,1
弟,1
クロスバー,1
ハーフタイム,1
告げる,1
待ち合わせ,1
取り囲む,1
組みあう,1
あばら骨,1
ドーナッツ,1
少林寺拳法,1
昇段,1
きりかえす,1
劣化,1
背泳ぎ,1
竹林,1
短期,1
路側,1
フィールドワーク,1
がり,1
生える,1
出し合う,1
LHR,1
とこ,1
退屈,1
フィニッシュ,1
ゲームセット,1
ホームイン,1
たずねる,1
指さす,1
雨上がり,1
付き合う,1
ゴールイン,1
形相,1
無し,1
苦渋,1
勝ち,1
敗退,1
売り場,1
書店,1
購入,1
横風,1
ラスト,1
復活,1
冷や汗,1
盛り砂,1
サックス,1
ストレッチャー,1
チューブ,1
不能,1
呼名,1
気管,1
ソーラン,1
キロメートル,1
タスキ,1
主催,1
区,1
消防署,1
町,1
速める,1
乗り込む,1
たのしむ,1
嘱託,1
血便,1
スタートライン,1
しなる,1
歴,1
くい,1
失,1
こめる,1
北門,1
テコンドー,1
取り戻す,1
内科,1
腫れ上がる,1
虫垂炎,1
開腹,1
麻酔,1
解ける,1
吹き返す,1
大の字,1
昏倒,1
後輩,1
コーチャー,1
喉元,1
お返し,1
すもう,1
同時,1
～｣,1
リフティング,1
快調,1
立ちはだかる,1
℃,1
心がける,1
曇る,1
CPR,1
申請,1
疲れ,1
調律,1
計る,1
主審,1
炎天下,1
バッテイング,1
各々,1
涼み,1
ＩＣＵ,1
ＩＣ,1
転ばす,1
喋る,1
助け出す,1
小刻み,1
ＩＣＤ,1
ラダートレーニング,1
局部,1
冷水,1
本目,1
バタフライ,1
泳ぎ方,1
ラントレーニング,1
クラッカー,1
卒倒,1
乱れ,1
冷汗,1
徒競走,1
事務,1
通りがかり,1
嚢,1
手中,1
嚢部,1
うめく,1
消防,1
地球,1
混濁,1
じん,1
蔵,1
うっ血,1
うなずく,1
うめき声,1
塞栓性,1
心不全,1
込,1
配布,1
集配,1
ブルガダ,1
ホームラン,1
アルティメットフリスビー,1
反復,1
不整脈,1
臓器,1
脾損傷,1
びをして,1
ふんばる,1
徹夜,1
ガジュマル,1
余,1
グライダー,1
違える,1
同体,1
頸,1
会食,1
利き腕,1
踏み越す,1
高飛び,1
ウマ,1
傷害,1
土下座,1
太股,1
後遺,1
脅かす,1
謝罪,1
負わす,1
押さえ付ける,1
捻じる,1
ふみこす,1
引っ掛る,1
整う,1
紙くず,1
景色,1
見つめる,1
事,1
吸い込む,1
吸う,1
本体,1
集塵機,1
さそう,1
騒ぐ,1
引き合い,1
木の葉,1
防戦,1
騎手,1
なだらか,1
順,1
陸橋,1
ハイハイ,1
かくれる,1
始,1
不鮮明,1
明確,1
稼働,1
仰臥,1
個別,1
乗り場,1
効果,1
防音,1
原付,1
眠気,1
悪心,1
たたら,1
陶芸,1
後退,1
墓,1
踏み石,1
風船,1
引き抜き,1
モンテジア,1
示指末,1
通じる,1
癒合,1
示指伸,1
茎,1
橈骨頚,1
もたれ掛かる,1
レッシュナイハン,1
亢進,1
総て,1
たもと,1
落雷,1
ねじれ,1
払巻込,1
煽る,1
県道,1
補講,1
ｔ,1
屈運動,1
スノーモービル,1
急行,1
大根,1
翌年,1
シップ,1
段数,1
追っかける,1
くつ,1
時折,1
伐採,1
梢,1
造,1
ざけっこをしていたとき,1
つよい,1
セラピー,1
彎,1
屈,1
弛める,1
うつ伏す,1
ゆるめる,1
手づかみ,1
ブラスバンド,1
差し,1
こらえる,1
ポキッ,1
かかりつけ,1
瞬時,1
膝元,1
寮生,1
沸,1
しわ,1
不快,1
語,1
ハネ,1
しおり,1
砕骨折,1
階下,1
顆部粉,1
ひかれる,1
アナウンス,1
方法,1
び,1
趾及,1
カニ,1
捻り,1
ECMO,1
導入,1
移乗,1
不等,1
後天,1
果,1
かがめる,1
埋める,1
動脈血,1
壊疽,1
摘む,1
頸部骨,1
ラストスパート,1
距骨下,1
距骨骨,1
立ち姿,1
顆上部,1
犬走,1
しびれる,1
誘う,1
ポンポン,1
地下,1
網戸,1
市道,1
雪山,1
友,1
整理,1
明瞭,1
段位,1
真っ直ぐ,1
並進,1
およぐ,1
ダンブリング,1
引き連れる,1
動かせる,1
クライングロープ,1
下降,1
ウォール,1
のめる,1
極端,1
市内,1
柔,1
挑戦,1
能力,1
予備,1
高低,1
シャッター,1
煙,1
タブレット,1
脊椎,1
地獄,1
分離,1
新雪,1
棘,1
